t_s,mv_media,mv_desvio_bloco,temp_c,ur_pct,estado_aht20,div_mv,div_desvio_bloco
0.4,644.1,52.8,21.57,76.89,ok,142.0,0.0
1.3,640.1,53.5,21.53,76.58,ok,142.0,0.0
2.3,649.0,26.2,21.52,76.31,ok,142.0,0.0
3.3,638.0,40.3,21.50,76.25,ok,142.0,0.0
4.3,636.1,42.4,21.49,76.07,ok,142.0,0.0
5.2,631.6,40.5,21.48,75.82,ok,142.0,0.0
6.2,642.4,33.0,21.51,75.55,ok,142.0,0.0
7.2,648.4,41.3,21.47,75.34,ok,142.0,0.0
8.2,627.2,34.3,21.51,75.33,ok,142.0,0.2
9.2,645.4,50.1,21.48,75.33,ok,142.0,0.0
10.2,637.3,38.1,21.49,75.25,ok,142.0,0.0
11.1,640.4,44.9,21.48,75.14,ok,142.0,0.0
12.1,642.2,30.0,21.49,75.14,ok,142.0,0.0
13.1,641.4,39.1,21.48,75.11,ok,142.0,0.0
14.1,637.6,54.6,21.48,75.16,ok,142.0,0.0
15.1,624.4,66.1,21.82,77.11,ok,142.0,0.0
16.7,635.0,33.8,22.71,82.81,ok,142.9,7.3
17.7,647.0,42.3,22.49,82.21,ok,142.0,0.0
18.7,638.2,36.2,22.26,81.72,ok,142.0,0.0
19.6,650.2,57.4,0.00,0.00,sem_resposta,142.0,0.0
20.6,637.3,44.8,0.00,0.00,sem_resposta,142.0,0.0
21.6,637.7,35.3,0.00,0.00,sem_resposta,142.1,0.9
22.6,636.5,38.3,0.00,0.00,sem_resposta,142.0,0.0
23.5,653.2,28.9,0.00,0.00,sem_resposta,142.0,0.0
24.5,625.2,42.4,0.00,0.00,sem_resposta,142.6,4.8
25.5,642.2,60.4,0.00,0.00,sem_resposta,142.1,0.5
26.4,632.9,43.0,0.00,0.00,sem_resposta,142.0,0.0
27.4,652.1,75.6,0.00,0.00,sem_resposta,142.0,0.0
28.4,634.6,50.4,0.00,0.00,sem_resposta,142.0,0.0
29.4,641.0,30.8,0.00,0.00,sem_resposta,142.0,0.0
30.3,640.1,36.8,0.00,0.00,sem_resposta,142.0,0.0
31.3,637.5,32.6,0.00,0.00,sem_resposta,142.0,0.0
32.3,633.3,45.4,0.00,0.00,sem_resposta,142.0,0.0
33.3,635.8,28.4,0.00,0.00,sem_resposta,142.0,0.0
34.2,637.4,54.7,0.00,0.00,sem_resposta,142.0,0.0
35.2,635.0,31.7,0.00,0.00,sem_resposta,142.0,0.0
36.2,637.0,61.6,0.00,0.00,sem_resposta,142.0,0.0
37.2,643.9,41.8,0.00,0.00,sem_resposta,142.0,0.0
38.2,644.9,47.1,0.00,0.00,sem_resposta,142.0,0.0
39.1,640.5,35.4,0.00,0.00,sem_resposta,142.0,0.0
40.1,648.0,59.7,0.00,0.00,sem_resposta,142.0,0.4
41.1,637.8,42.1,0.00,0.00,sem_resposta,142.0,0.0
42.1,640.0,51.9,0.00,0.00,sem_resposta,142.0,0.0
43.1,646.7,41.1,0.00,0.00,sem_resposta,142.0,0.0
44.0,639.4,39.9,0.00,0.00,sem_resposta,142.0,0.0
45.0,651.4,50.4,0.00,0.00,sem_resposta,142.0,0.0
46.0,644.3,37.1,0.00,0.00,sem_resposta,142.0,0.0
47.0,640.1,56.4,0.00,0.00,sem_resposta,142.0,0.0
48.0,634.1,42.9,0.00,0.00,sem_resposta,142.0,0.0
49.6,637.2,47.2,0.00,0.00,sem_resposta,142.0,0.0
50.6,638.3,28.8,0.00,0.00,sem_resposta,142.0,0.0
51.6,643.5,45.0,0.00,0.00,sem_resposta,142.0,0.0
52.6,634.3,40.6,0.00,0.00,sem_resposta,142.0,0.0
53.6,637.0,77.3,0.00,0.00,sem_resposta,142.0,0.0
54.6,640.6,26.0,0.00,0.00,sem_resposta,142.0,0.0
55.6,640.8,54.6,0.00,0.00,sem_resposta,142.0,0.0
56.6,637.4,32.3,0.00,0.00,sem_resposta,142.5,4.3
57.5,631.0,50.9,0.00,0.00,sem_resposta,142.0,0.0
58.5,647.2,86.7,0.00,0.00,sem_resposta,142.0,0.0
59.5,645.7,50.9,0.00,0.00,sem_resposta,142.0,0.0
60.5,641.8,49.6,0.00,0.00,sem_resposta,142.0,0.0
61.5,636.3,38.9,0.00,0.00,sem_resposta,142.0,0.0
62.5,644.1,33.6,0.00,0.00,sem_resposta,142.0,0.0
63.4,638.4,81.0,0.00,0.00,sem_resposta,142.0,0.0
64.4,640.9,44.2,0.00,0.00,sem_resposta,142.2,1.7
65.4,642.7,32.7,0.00,0.00,sem_resposta,142.0,0.0
66.4,643.8,52.3,0.00,0.00,sem_resposta,142.0,0.1
67.4,630.9,41.5,0.00,0.00,sem_resposta,142.0,0.0
68.3,642.5,40.6,0.00,0.00,sem_resposta,142.0,0.0
69.3,644.2,31.0,0.00,0.00,sem_resposta,142.0,0.0
70.3,642.8,37.9,0.00,0.00,sem_resposta,142.0,0.0
71.3,638.7,39.0,0.00,0.00,sem_resposta,142.0,0.0
72.3,652.2,45.2,0.00,0.00,sem_resposta,142.0,0.0
73.2,642.5,55.9,0.00,0.00,sem_resposta,142.0,0.0
74.2,642.6,48.3,0.00,0.00,sem_resposta,142.2,1.6
75.2,636.6,42.7,0.00,0.00,sem_resposta,144.6,13.6
76.2,635.2,47.7,0.00,0.00,sem_resposta,142.0,0.0
77.2,640.1,37.8,0.00,0.00,sem_resposta,142.0,0.0
78.1,640.9,34.2,0.00,0.00,sem_resposta,142.0,0.0
79.1,632.5,52.5,0.00,0.00,sem_resposta,142.0,0.0
80.1,632.3,64.1,0.00,0.00,sem_resposta,142.0,0.0
81.1,633.7,61.3,0.00,0.00,sem_resposta,142.2,1.2
82.6,644.3,33.1,0.00,0.00,sem_resposta,142.0,0.0
83.6,637.8,49.7,0.00,0.00,sem_resposta,142.0,0.0
84.6,647.0,56.3,0.00,0.00,sem_resposta,143.3,10.2
85.6,637.9,44.4,0.00,0.00,sem_resposta,142.0,0.0
86.6,641.8,36.3,0.00,0.00,sem_resposta,142.0,0.0
87.5,634.6,37.7,0.00,0.00,sem_resposta,142.0,0.0
88.5,639.2,51.7,0.00,0.00,sem_resposta,142.0,0.0
89.5,643.5,28.6,0.00,0.00,sem_resposta,142.0,0.0
90.5,645.6,49.0,0.00,0.00,sem_resposta,142.0,0.0
91.5,641.0,28.3,0.00,0.00,sem_resposta,142.0,0.0
92.4,649.4,46.2,0.00,0.00,sem_resposta,142.0,0.0
93.4,636.8,48.6,0.00,0.00,sem_resposta,142.0,0.0
94.4,641.2,43.7,0.00,0.00,sem_resposta,142.0,0.0
95.4,643.1,29.0,0.00,0.00,sem_resposta,142.0,0.0
96.4,644.1,39.3,0.00,0.00,sem_resposta,142.0,0.0
97.4,635.2,34.5,0.00,0.00,sem_resposta,142.8,6.4
98.3,635.5,39.7,0.00,0.00,sem_resposta,142.0,0.0
99.3,648.2,48.1,0.00,0.00,sem_resposta,142.0,0.0
100.3,649.8,37.5,0.00,0.00,sem_resposta,142.4,2.9
101.3,649.7,63.7,0.00,0.00,sem_resposta,143.3,8.6
102.3,643.2,58.0,0.00,0.00,sem_resposta,142.0,0.0
103.2,638.0,48.1,0.00,0.00,sem_resposta,142.0,0.0
104.2,641.8,28.6,0.00,0.00,sem_resposta,142.0,0.0
105.2,643.4,25.6,0.00,0.00,sem_resposta,142.0,0.0
106.2,636.1,51.1,0.00,0.00,sem_resposta,142.0,0.0
107.2,658.5,61.3,0.00,0.00,sem_resposta,142.1,0.7
108.1,635.6,48.7,0.00,0.00,sem_resposta,142.0,0.0
109.1,636.2,28.4,0.00,0.00,sem_resposta,142.0,0.0
110.1,637.0,35.0,0.00,0.00,sem_resposta,142.0,0.0
111.1,640.8,35.0,0.00,0.00,sem_resposta,142.0,0.0
112.1,639.8,43.6,0.00,0.00,sem_resposta,142.0,0.0
113.0,650.6,53.9,0.00,0.00,sem_resposta,142.0,0.0
114.0,649.0,63.4,0.00,0.00,sem_resposta,142.0,0.0
115.6,641.3,29.0,0.00,0.00,sem_resposta,142.0,0.0
116.6,648.1,35.9,0.00,0.00,sem_resposta,142.0,0.0
117.6,642.6,30.9,0.00,0.00,sem_resposta,142.0,0.0
118.6,642.8,37.0,0.00,0.00,sem_resposta,142.0,0.0
119.6,637.8,33.3,0.00,0.00,sem_resposta,142.0,0.0
120.5,640.4,37.3,0.00,0.00,sem_resposta,142.0,0.0
121.5,647.2,48.1,0.00,0.00,sem_resposta,142.0,0.0
122.5,636.1,45.1,0.00,0.00,sem_resposta,142.0,0.0
123.5,641.6,29.7,0.00,0.00,sem_resposta,142.0,0.0
124.5,633.5,51.7,0.00,0.00,sem_resposta,142.0,0.0
125.4,633.1,45.2,0.00,0.00,sem_resposta,142.0,0.0
126.4,648.1,29.3,0.00,0.00,sem_resposta,142.0,0.0
127.4,638.5,72.3,0.00,0.00,sem_resposta,142.0,0.0
128.4,644.2,52.0,0.00,0.00,sem_resposta,142.0,0.0
129.4,631.9,66.6,0.00,0.00,sem_resposta,142.4,3.2
130.3,642.7,41.3,0.00,0.00,sem_resposta,142.4,3.3
131.3,651.5,54.6,0.00,0.00,sem_resposta,142.0,0.0
132.3,633.3,45.3,0.00,0.00,sem_resposta,142.4,2.9
133.3,649.4,55.8,0.00,0.00,sem_resposta,142.0,0.0
134.3,633.0,34.9,0.00,0.00,sem_resposta,142.0,0.0
135.2,646.1,48.2,0.00,0.00,sem_resposta,142.0,0.0
136.2,642.7,39.3,0.00,0.00,sem_resposta,142.0,0.0
137.2,642.1,38.3,0.00,0.00,sem_resposta,142.0,0.0
138.2,639.1,61.8,0.00,0.00,sem_resposta,142.0,0.0
139.2,649.2,51.2,0.00,0.00,sem_resposta,142.0,0.4
140.1,637.7,44.4,0.00,0.00,sem_resposta,142.0,0.0
141.1,649.1,52.8,0.00,0.00,sem_resposta,142.0,0.0
142.1,638.8,39.7,0.00,0.00,sem_resposta,142.0,0.0
143.1,643.1,57.7,0.00,0.00,sem_resposta,142.0,0.0
144.1,637.8,40.8,0.00,0.00,sem_resposta,142.0,0.0
145.0,642.4,65.5,0.00,0.00,sem_resposta,142.0,0.2
146.0,640.6,34.6,0.00,0.00,sem_resposta,142.0,0.0
147.0,636.0,41.0,0.00,0.00,sem_resposta,142.0,0.0
148.6,644.5,41.0,0.00,0.00,sem_resposta,142.0,0.0
149.6,638.4,31.6,0.00,0.00,sem_resposta,142.0,0.0
150.6,643.4,52.6,0.00,0.00,sem_resposta,142.0,0.0
151.6,635.9,45.5,0.00,0.00,sem_resposta,142.0,0.0
152.6,640.9,30.3,0.00,0.00,sem_resposta,142.1,0.6
153.5,646.2,48.6,0.00,0.00,sem_resposta,142.0,0.0
154.5,646.2,42.6,0.00,0.00,sem_resposta,142.0,0.0
155.5,644.4,62.9,0.00,0.00,sem_resposta,142.0,0.0
156.5,623.9,64.6,0.00,0.00,sem_resposta,142.0,0.0
157.5,638.8,41.3,0.00,0.00,sem_resposta,142.0,0.0
158.4,640.5,42.3,0.00,0.00,sem_resposta,142.0,0.0
159.4,646.5,62.2,0.00,0.00,sem_resposta,142.0,0.0
160.4,633.4,38.1,0.00,0.00,sem_resposta,142.0,0.0
161.4,648.6,77.0,0.00,0.00,sem_resposta,142.0,0.0
162.4,636.3,49.6,0.00,0.00,sem_resposta,142.0,0.0
163.3,643.8,30.4,0.00,0.00,sem_resposta,142.0,0.0
164.3,633.0,54.0,0.00,0.00,sem_resposta,142.0,0.0
165.3,633.7,33.9,0.00,0.00,sem_resposta,142.2,1.4
166.3,641.6,25.3,0.00,0.00,sem_resposta,142.0,0.0
167.3,639.3,28.6,0.00,0.00,sem_resposta,142.0,0.0
168.2,655.8,49.2,0.00,0.00,sem_resposta,142.0,0.0
169.2,647.5,40.3,0.00,0.00,sem_resposta,142.0,0.0
170.2,639.6,29.4,0.00,0.00,sem_resposta,142.0,0.0
171.2,648.0,51.7,0.00,0.00,sem_resposta,142.0,0.0
172.2,645.0,20.6,0.00,0.00,sem_resposta,142.0,0.0
173.1,648.1,38.3,0.00,0.00,sem_resposta,142.0,0.0
174.1,645.6,24.6,0.00,0.00,sem_resposta,142.0,0.0
175.1,654.0,46.6,0.00,0.00,sem_resposta,142.0,0.0
176.1,638.2,30.8,0.00,0.00,sem_resposta,142.0,0.0
177.1,657.1,61.9,0.00,0.00,sem_resposta,142.0,0.0
178.0,637.4,33.4,0.00,0.00,sem_resposta,142.0,0.0
179.0,639.4,42.2,0.00,0.00,sem_resposta,142.0,0.0
180.0,644.5,38.3,0.00,0.00,sem_resposta,142.0,0.0
181.6,640.8,29.4,0.00,0.00,sem_resposta,142.0,0.0
182.6,640.7,27.4,0.00,0.00,sem_resposta,142.0,0.0
183.6,645.2,31.5,0.00,0.00,sem_resposta,142.0,0.0
184.6,649.5,45.7,0.00,0.00,sem_resposta,142.0,0.0
185.6,641.4,33.7,0.00,0.00,sem_resposta,142.0,0.0
186.5,646.1,44.6,0.00,0.00,sem_resposta,142.0,0.0
187.5,649.6,40.4,0.00,0.00,sem_resposta,142.0,0.0
188.5,641.6,46.4,0.00,0.00,sem_resposta,142.0,0.0
189.5,639.7,27.1,0.00,0.00,sem_resposta,142.0,0.0
190.5,632.5,84.7,0.00,0.00,sem_resposta,142.0,0.0
191.4,638.7,22.8,0.00,0.00,sem_resposta,142.4,2.9
192.4,641.4,43.3,0.00,0.00,sem_resposta,142.0,0.0
193.4,646.7,53.6,0.00,0.00,sem_resposta,142.0,0.0
194.4,640.0,46.0,0.00,0.00,sem_resposta,142.0,0.0
195.4,640.7,49.9,0.00,0.00,sem_resposta,142.0,0.0
196.3,646.2,33.6,0.00,0.00,sem_resposta,142.0,0.0
197.3,643.0,24.2,0.00,0.00,sem_resposta,142.0,0.0
198.3,636.8,41.2,0.00,0.00,sem_resposta,142.0,0.0
199.3,640.9,44.7,0.00,0.00,sem_resposta,142.0,0.0
200.3,639.3,25.5,0.00,0.00,sem_resposta,142.0,0.0
201.2,642.0,33.7,0.00,0.00,sem_resposta,142.0,0.0
202.2,642.2,42.2,0.00,0.00,sem_resposta,142.0,0.0
203.2,647.4,40.6,0.00,0.00,sem_resposta,142.0,0.0
204.2,638.4,51.0,0.00,0.00,sem_resposta,142.0,0.0
205.2,635.3,50.2,0.00,0.00,sem_resposta,142.0,0.0
206.1,641.7,37.4,0.00,0.00,sem_resposta,142.0,0.0
207.1,645.3,35.1,0.00,0.00,sem_resposta,142.0,0.0
208.1,646.7,32.9,0.00,0.00,sem_resposta,142.0,0.0
209.1,633.2,40.4,0.00,0.00,sem_resposta,142.0,0.0
210.1,642.0,31.7,0.00,0.00,sem_resposta,142.0,0.0
211.0,649.2,57.7,0.00,0.00,sem_resposta,142.0,0.0
212.0,635.8,37.2,0.00,0.00,sem_resposta,142.0,0.2
213.0,638.4,60.5,0.00,0.00,sem_resposta,142.0,0.0
214.6,647.9,46.1,0.00,0.00,sem_resposta,142.0,0.0
215.6,634.7,83.3,0.00,0.00,sem_resposta,142.0,0.0
216.6,650.3,32.3,0.00,0.00,sem_resposta,142.0,0.0
217.6,654.0,61.6,0.00,0.00,sem_resposta,142.0,0.0
218.6,638.4,56.0,0.00,0.00,sem_resposta,142.0,0.0
219.5,651.9,49.3,0.00,0.00,sem_resposta,142.1,0.6
220.5,628.0,81.4,0.00,0.00,sem_resposta,142.0,0.0
221.5,640.5,58.1,0.00,0.00,sem_resposta,142.0,0.0
222.5,642.6,27.3,0.00,0.00,sem_resposta,142.0,0.0
223.5,646.5,51.4,0.00,0.00,sem_resposta,142.0,0.0
224.4,641.0,39.6,0.00,0.00,sem_resposta,142.0,0.0
225.4,645.3,53.0,0.00,0.00,sem_resposta,142.0,0.0
226.4,644.6,48.9,0.00,0.00,sem_resposta,142.0,0.0
227.4,636.6,53.1,0.00,0.00,sem_resposta,142.0,0.0
228.4,650.1,35.6,0.00,0.00,sem_resposta,142.0,0.0
229.3,650.9,48.3,0.00,0.00,sem_resposta,142.0,0.0
230.3,646.2,51.9,0.00,0.00,sem_resposta,142.0,0.0
231.3,647.6,21.1,0.00,0.00,sem_resposta,142.0,0.0
232.3,631.8,50.1,0.00,0.00,sem_resposta,142.0,0.0
233.3,643.4,41.6,0.00,0.00,sem_resposta,142.0,0.0
234.2,644.0,35.7,0.00,0.00,sem_resposta,142.0,0.2
235.2,643.8,33.6,0.00,0.00,sem_resposta,142.0,0.0
236.2,645.1,43.3,0.00,0.00,sem_resposta,142.0,0.0
237.2,635.8,24.5,0.00,0.00,sem_resposta,142.2,1.6
238.2,648.8,44.4,0.00,0.00,sem_resposta,142.0,0.0
239.1,651.0,54.6,0.00,0.00,sem_resposta,142.0,0.0
240.1,646.2,36.6,0.00,0.00,sem_resposta,142.0,0.0
241.1,642.6,65.0,0.00,0.00,sem_resposta,142.0,0.0
242.1,635.8,48.3,0.00,0.00,sem_resposta,142.0,0.0
243.1,643.6,30.6,0.00,0.00,sem_resposta,142.0,0.0
244.0,641.6,40.8,0.00,0.00,sem_resposta,142.6,4.8
245.0,645.6,25.6,0.00,0.00,sem_resposta,142.0,0.0
246.0,638.0,33.5,0.00,0.00,sem_resposta,142.0,0.0
247.6,647.3,56.8,0.00,0.00,sem_resposta,142.2,1.6
248.6,641.5,51.7,0.00,0.00,sem_resposta,142.0,0.0
249.6,637.6,43.7,0.00,0.00,sem_resposta,142.0,0.0
250.6,644.8,37.1,0.00,0.00,sem_resposta,142.0,0.0
251.6,642.7,44.4,0.00,0.00,sem_resposta,142.0,0.0
252.5,636.5,41.0,0.00,0.00,sem_resposta,142.0,0.0
253.5,643.1,50.4,0.00,0.00,sem_resposta,142.0,0.0
254.5,649.2,40.3,0.00,0.00,sem_resposta,142.2,2.0
255.5,639.3,27.7,0.00,0.00,sem_resposta,142.0,0.0
256.5,645.2,40.9,0.00,0.00,sem_resposta,142.0,0.0
257.4,642.2,43.9,0.00,0.00,sem_resposta,142.0,0.0
258.4,642.4,39.7,0.00,0.00,sem_resposta,142.0,0.0
259.4,637.4,55.8,0.00,0.00,sem_resposta,142.0,0.0
260.4,638.6,30.0,0.00,0.00,sem_resposta,142.0,0.0
261.4,635.9,33.9,0.00,0.00,sem_resposta,142.0,0.0
262.3,632.2,43.6,0.00,0.00,sem_resposta,142.0,0.0
263.3,650.2,43.7,0.00,0.00,sem_resposta,142.0,0.0
264.3,642.2,30.4,0.00,0.00,sem_resposta,142.0,0.0
265.3,640.6,35.9,0.00,0.00,sem_resposta,142.0,0.0
266.3,642.6,30.2,0.00,0.00,sem_resposta,142.0,0.0
267.2,638.7,39.8,0.00,0.00,sem_resposta,142.0,0.0
268.2,641.3,25.1,0.00,0.00,sem_resposta,142.2,1.6
269.2,648.0,53.8,0.00,0.00,sem_resposta,142.1,1.0
270.2,651.5,46.5,0.00,0.00,sem_resposta,142.0,0.0
271.2,641.0,40.1,0.00,0.00,sem_resposta,142.0,0.0
272.1,643.3,34.8,0.00,0.00,sem_resposta,142.0,0.0
273.1,644.1,30.7,0.00,0.00,sem_resposta,142.0,0.0
274.1,631.2,46.5,0.00,0.00,sem_resposta,142.6,4.5
275.1,651.8,35.2,0.00,0.00,sem_resposta,142.0,0.0
276.1,644.3,32.6,0.00,0.00,sem_resposta,142.0,0.0
277.0,634.8,45.1,0.00,0.00,sem_resposta,142.0,0.0
278.0,636.5,57.2,0.00,0.00,sem_resposta,142.0,0.0
279.0,632.8,37.5,0.00,0.00,sem_resposta,142.0,0.0
280.6,643.4,61.0,0.00,0.00,sem_resposta,142.0,0.0
281.6,647.3,56.2,0.00,0.00,sem_resposta,142.0,0.0
282.6,648.0,34.7,0.00,0.00,sem_resposta,142.9,6.9
283.6,630.7,59.5,0.00,0.00,sem_resposta,142.0,0.0
284.5,648.5,61.8,0.00,0.00,sem_resposta,142.0,0.0
285.5,641.5,33.7,0.00,0.00,sem_resposta,142.0,0.0
286.5,642.7,82.4,0.00,0.00,sem_resposta,142.0,0.0
287.5,649.7,43.3,0.00,0.00,sem_resposta,142.0,0.0
288.5,637.8,34.9,0.00,0.00,sem_resposta,142.0,0.0
289.4,634.9,34.0,0.00,0.00,sem_resposta,142.0,0.0
290.4,640.1,36.5,0.00,0.00,sem_resposta,142.0,0.0
291.4,661.7,51.8,0.00,0.00,sem_resposta,142.0,0.0
292.4,639.4,22.6,0.00,0.00,sem_resposta,142.0,0.0
293.4,645.0,34.2,0.00,0.00,sem_resposta,142.0,0.2
294.4,633.0,44.6,0.00,0.00,sem_resposta,142.0,0.0
295.3,640.2,43.3,0.00,0.00,sem_resposta,142.0,0.0
296.3,649.8,68.1,0.00,0.00,sem_resposta,142.0,0.0
297.3,641.1,41.9,0.00,0.00,sem_resposta,142.0,0.0
298.3,639.0,44.7,0.00,0.00,sem_resposta,142.0,0.0
299.3,638.4,21.0,0.00,0.00,sem_resposta,142.0,0.0
300.2,644.2,43.7,0.00,0.00,sem_resposta,142.0,0.0
301.2,641.1,48.9,0.00,0.00,sem_resposta,142.0,0.0
302.2,647.0,49.3,0.00,0.00,sem_resposta,142.3,2.5
303.2,646.2,76.4,0.00,0.00,sem_resposta,142.0,0.0
304.2,637.7,32.1,0.00,0.00,sem_resposta,142.2,1.6
305.1,645.3,23.6,0.00,0.00,sem_resposta,142.0,0.0
306.1,629.6,45.0,0.00,0.00,sem_resposta,142.0,0.0
307.1,640.3,41.1,0.00,0.00,sem_resposta,142.0,0.0
308.1,645.4,48.8,0.00,0.00,sem_resposta,142.0,0.0
309.1,641.8,44.5,0.00,0.00,sem_resposta,142.0,0.0
310.0,646.2,41.3,0.00,0.00,sem_resposta,142.0,0.2
311.0,650.8,73.9,0.00,0.00,sem_resposta,142.0,0.0
312.0,635.8,42.4,0.00,0.00,sem_resposta,142.0,0.0
313.6,636.2,42.9,0.00,0.00,sem_resposta,142.1,1.1
314.6,651.2,39.2,0.00,0.00,sem_resposta,142.0,0.0
315.6,629.7,65.3,0.00,0.00,sem_resposta,142.0,0.0
316.6,643.6,50.8,0.00,0.00,sem_resposta,142.0,0.0
317.5,646.4,39.4,0.00,0.00,sem_resposta,142.1,1.1
318.5,637.2,39.9,0.00,0.00,sem_resposta,142.0,0.0
319.5,640.1,38.9,0.00,0.00,sem_resposta,142.0,0.0
320.5,634.2,46.3,0.00,0.00,sem_resposta,142.2,1.9
321.5,648.0,46.6,0.00,0.00,sem_resposta,142.0,0.0
322.4,646.5,38.5,0.00,0.00,sem_resposta,142.0,0.0
323.4,638.2,38.1,0.00,0.00,sem_resposta,142.0,0.2
324.4,637.4,36.2,0.00,0.00,sem_resposta,142.0,0.0
325.4,632.1,31.6,0.00,0.00,sem_resposta,142.1,0.5
326.4,637.3,26.1,0.00,0.00,sem_resposta,142.0,0.0
327.3,636.9,37.3,0.00,0.00,sem_resposta,142.0,0.0
328.3,644.5,63.1,0.00,0.00,sem_resposta,142.2,1.9
329.3,645.4,64.3,0.00,0.00,sem_resposta,142.0,0.0
330.3,644.3,55.9,0.00,0.00,sem_resposta,142.0,0.0
331.3,638.3,48.7,0.00,0.00,sem_resposta,142.0,0.0
332.2,641.3,58.5,0.00,0.00,sem_resposta,142.0,0.0
333.2,639.7,34.9,0.00,0.00,sem_resposta,142.0,0.0
334.2,636.1,33.2,0.00,0.00,sem_resposta,142.0,0.0
335.2,637.8,33.6,0.00,0.00,sem_resposta,142.0,0.0
336.2,638.5,50.5,0.00,0.00,sem_resposta,142.0,0.0
337.1,647.1,30.9,0.00,0.00,sem_resposta,142.0,0.0
338.1,645.8,43.5,0.00,0.00,sem_resposta,142.0,0.0
339.1,642.0,34.2,0.00,0.00,sem_resposta,142.0,0.0
340.1,646.1,26.1,0.00,0.00,sem_resposta,142.0,0.0
341.1,646.7,38.4,0.00,0.00,sem_resposta,142.0,0.0
342.0,642.0,27.6,0.00,0.00,sem_resposta,142.0,0.0
343.0,631.1,48.9,0.00,0.00,sem_resposta,142.0,0.0
344.0,634.9,40.1,0.00,0.00,sem_resposta,142.0,0.0
345.6,636.1,72.1,0.00,0.00,sem_resposta,142.0,0.0
346.6,644.2,39.6,0.00,0.00,sem_resposta,142.6,4.8
347.6,642.6,42.2,0.00,0.00,sem_resposta,142.0,0.0
348.6,641.4,35.4,0.00,0.00,sem_resposta,142.0,0.0
349.6,657.5,58.5,0.00,0.00,sem_resposta,142.0,0.0
350.6,644.0,37.5,0.00,0.00,sem_resposta,142.0,0.0
351.5,648.6,40.1,0.00,0.00,sem_resposta,142.0,0.0
352.5,641.5,55.6,0.00,0.00,sem_resposta,142.0,0.0
353.5,641.3,26.3,0.00,0.00,sem_resposta,142.0,0.0
354.5,648.2,50.6,0.00,0.00,sem_resposta,142.0,0.0
355.5,632.2,33.3,0.00,0.00,sem_resposta,142.0,0.0
356.4,644.5,50.7,0.00,0.00,sem_resposta,142.0,0.0
357.4,640.6,51.3,0.00,0.00,sem_resposta,142.0,0.0
358.4,639.6,36.4,0.00,0.00,sem_resposta,142.0,0.0
359.4,636.6,54.0,0.00,0.00,sem_resposta,142.0,0.0
360.4,632.2,65.2,0.00,0.00,sem_resposta,142.0,0.0
361.3,638.6,60.6,0.00,0.00,sem_resposta,142.0,0.0
362.3,640.7,32.2,0.00,0.00,sem_resposta,142.2,1.4
363.3,641.7,35.2,0.00,0.00,sem_resposta,142.0,0.0
364.3,642.4,28.7,0.00,0.00,sem_resposta,142.0,0.0
365.3,638.1,83.9,0.00,0.00,sem_resposta,142.0,0.0
366.2,643.2,47.7,0.00,0.00,sem_resposta,142.0,0.0
367.2,641.8,30.5,0.00,0.00,sem_resposta,143.2,9.5
368.2,632.7,67.3,0.00,0.00,sem_resposta,142.0,0.0
369.2,635.8,29.8,0.00,0.00,sem_resposta,142.0,0.0
370.2,649.1,41.9,0.00,0.00,sem_resposta,142.4,3.3
371.1,643.2,32.9,0.00,0.00,sem_resposta,142.0,0.2
372.1,634.0,69.2,0.00,0.00,sem_resposta,142.0,0.0
373.1,631.9,57.3,0.00,0.00,sem_resposta,142.0,0.0
374.1,642.4,62.4,0.00,0.00,sem_resposta,142.9,7.4
375.1,639.8,35.4,0.00,0.00,sem_resposta,142.0,0.0
376.0,637.3,38.7,0.00,0.00,sem_resposta,142.0,0.0
377.0,642.0,69.8,0.00,0.00,sem_resposta,142.0,0.0
378.6,638.0,56.2,0.00,0.00,sem_resposta,142.0,0.0
379.6,643.8,32.0,0.00,0.00,sem_resposta,142.0,0.0
380.6,645.2,35.9,0.00,0.00,sem_resposta,142.0,0.0
381.6,638.3,38.0,0.00,0.00,sem_resposta,142.0,0.0
382.6,650.0,43.1,0.00,0.00,sem_resposta,142.0,0.0
383.6,642.5,29.0,0.00,0.00,sem_resposta,142.0,0.0
384.5,644.9,34.4,0.00,0.00,sem_resposta,142.0,0.0
385.5,644.7,34.4,0.00,0.00,sem_resposta,142.0,0.0
386.5,650.3,30.8,0.00,0.00,sem_resposta,142.0,0.0
387.5,657.8,48.2,0.00,0.00,sem_resposta,143.0,5.6
388.5,640.6,48.0,0.00,0.00,sem_resposta,143.1,8.7
389.4,655.1,69.4,0.00,0.00,sem_resposta,142.0,0.0
390.4,635.3,48.3,0.00,0.00,sem_resposta,142.0,0.0
391.4,646.3,59.4,0.00,0.00,sem_resposta,142.0,0.0
392.4,641.7,52.7,0.00,0.00,sem_resposta,142.0,0.0
393.4,640.0,37.3,0.00,0.00,sem_resposta,142.0,0.0
394.3,635.4,47.0,0.00,0.00,sem_resposta,142.0,0.0
395.3,641.2,38.7,0.00,0.00,sem_resposta,142.0,0.0
396.3,641.8,46.8,0.00,0.00,sem_resposta,142.0,0.0
397.3,637.9,45.5,0.00,0.00,sem_resposta,142.2,2.0
398.3,646.3,39.5,0.00,0.00,sem_resposta,142.0,0.0
399.2,639.7,28.2,0.00,0.00,sem_resposta,142.0,0.0
400.2,646.0,32.8,0.00,0.00,sem_resposta,142.0,0.0
401.2,642.1,28.8,0.00,0.00,sem_resposta,142.0,0.0
402.2,639.7,27.9,0.00,0.00,sem_resposta,142.0,0.0
403.2,643.1,32.3,0.00,0.00,sem_resposta,142.0,0.0
404.2,634.8,52.1,0.00,0.00,sem_resposta,142.0,0.0
405.1,641.1,47.4,0.00,0.00,sem_resposta,142.0,0.0
406.1,649.2,75.2,0.00,0.00,sem_resposta,142.0,0.0
407.1,634.0,37.3,0.00,0.00,sem_resposta,142.0,0.0
408.1,636.2,34.7,0.00,0.00,sem_resposta,142.0,0.0
409.1,646.0,41.4,0.00,0.00,sem_resposta,142.0,0.0
410.1,639.0,36.9,0.00,0.00,sem_resposta,142.0,0.0
411.6,643.0,29.7,0.00,0.00,sem_resposta,142.0,0.0
412.6,644.0,35.8,0.00,0.00,sem_resposta,142.0,0.0
413.6,640.4,29.4,0.00,0.00,sem_resposta,142.0,0.0
414.6,638.8,58.7,0.00,0.00,sem_resposta,142.0,0.0
415.6,642.8,40.9,0.00,0.00,sem_resposta,142.0,0.0
416.6,633.7,31.0,0.00,0.00,sem_resposta,142.0,0.0
417.6,638.9,64.1,0.00,0.00,sem_resposta,142.0,0.0
418.6,643.6,54.1,0.00,0.00,sem_resposta,142.0,0.0
419.5,631.6,64.5,0.00,0.00,sem_resposta,142.0,0.0
420.5,644.0,41.2,0.00,0.00,sem_resposta,142.0,0.0
421.5,643.9,40.7,0.00,0.00,sem_resposta,142.0,0.0
422.5,649.2,29.0,0.00,0.00,sem_resposta,142.0,0.0
423.5,639.5,28.6,0.00,0.00,sem_resposta,142.0,0.0
424.5,647.8,34.6,0.00,0.00,sem_resposta,142.0,0.0
425.4,649.9,62.1,0.00,0.00,sem_resposta,142.0,0.0
426.4,651.3,45.9,0.00,0.00,sem_resposta,143.1,8.9
427.4,649.9,47.4,0.00,0.00,sem_resposta,142.0,0.0
428.4,637.4,59.8,0.00,0.00,sem_resposta,142.0,0.0
429.4,640.8,43.2,0.00,0.00,sem_resposta,142.0,0.0
430.3,638.1,44.4,0.00,0.00,sem_resposta,142.0,0.0
431.3,641.1,46.6,0.00,0.00,sem_resposta,142.0,0.0
432.3,644.5,50.7,0.00,0.00,sem_resposta,142.0,0.0
433.3,651.9,78.5,0.00,0.00,sem_resposta,142.0,0.0
434.3,649.8,67.2,0.00,0.00,sem_resposta,142.0,0.0
435.3,644.0,27.2,0.00,0.00,sem_resposta,142.0,0.0
436.2,646.2,40.6,0.00,0.00,sem_resposta,142.0,0.0
437.2,643.9,44.2,0.00,0.00,sem_resposta,142.0,0.0
438.2,636.0,32.0,0.00,0.00,sem_resposta,142.0,0.0
439.2,638.9,56.8,0.00,0.00,sem_resposta,142.0,0.0
440.2,635.2,38.6,0.00,0.00,sem_resposta,142.0,0.0
441.1,641.8,36.8,0.00,0.00,sem_resposta,142.0,0.0
442.1,647.7,30.9,0.00,0.00,sem_resposta,142.4,2.9
443.1,645.7,64.1,0.00,0.00,sem_resposta,142.1,1.1
444.6,641.8,32.3,0.00,0.00,sem_resposta,142.0,0.0
445.6,640.0,41.8,0.00,0.00,sem_resposta,142.0,0.0
446.6,637.9,28.7,0.00,0.00,sem_resposta,142.0,0.0
447.6,650.5,42.3,0.00,0.00,sem_resposta,142.0,0.0
448.6,645.3,54.5,0.00,0.00,sem_resposta,144.9,14.0
449.5,645.6,70.7,0.00,0.00,sem_resposta,142.0,0.0
450.5,639.0,49.9,0.00,0.00,sem_resposta,142.0,0.0
451.5,633.3,57.6,0.00,0.00,sem_resposta,142.0,0.0
452.5,636.5,77.8,0.00,0.00,sem_resposta,142.0,0.0
453.5,642.5,67.2,0.00,0.00,sem_resposta,142.0,0.0
454.4,643.7,33.6,0.00,0.00,sem_resposta,142.0,0.0
455.4,642.0,44.5,0.00,0.00,sem_resposta,142.0,0.0
456.4,640.2,35.1,0.00,0.00,sem_resposta,142.2,1.6
457.4,636.5,49.3,0.00,0.00,sem_resposta,142.0,0.0
458.4,651.3,51.7,0.00,0.00,sem_resposta,142.0,0.0
459.4,644.9,30.9,0.00,0.00,sem_resposta,142.0,0.0
460.3,642.0,74.4,0.00,0.00,sem_resposta,142.0,0.0
461.3,637.6,66.3,0.00,0.00,sem_resposta,142.0,0.0
462.3,633.3,38.8,0.00,0.00,sem_resposta,142.0,0.2
463.3,657.7,67.9,0.00,0.00,sem_resposta,142.0,0.0
464.3,647.8,43.3,0.00,0.00,sem_resposta,142.0,0.0
465.2,629.0,55.6,0.00,0.00,sem_resposta,142.0,0.0
466.2,636.6,40.2,0.00,0.00,sem_resposta,142.0,0.0
467.2,638.2,58.3,0.00,0.00,sem_resposta,142.0,0.0
468.2,644.7,36.6,0.00,0.00,sem_resposta,142.0,0.0
469.2,646.4,35.6,0.00,0.00,sem_resposta,142.0,0.0
470.2,647.9,64.3,0.00,0.00,sem_resposta,142.1,0.5
471.1,640.1,40.2,0.00,0.00,sem_resposta,142.0,0.0
472.1,628.6,61.6,0.00,0.00,sem_resposta,142.3,2.6
473.0,648.5,44.4,0.00,0.00,sem_resposta,142.0,0.0
473.9,650.4,32.9,0.00,0.00,sem_resposta,142.0,0.0
474.9,641.6,43.8,0.00,0.00,sem_resposta,142.0,0.0
475.9,642.4,33.1,0.00,0.00,sem_resposta,142.0,0.0
477.6,642.7,37.2,0.00,0.00,sem_resposta,142.0,0.0
478.6,651.9,36.4,0.00,0.00,sem_resposta,142.0,0.0
479.6,641.6,40.1,0.00,0.00,sem_resposta,142.0,0.0
480.6,645.2,44.4,0.00,0.00,sem_resposta,142.0,0.0
481.6,637.9,41.2,0.00,0.00,sem_resposta,142.0,0.0
482.5,630.4,65.6,0.00,0.00,sem_resposta,142.0,0.0
483.5,643.2,38.4,0.00,0.00,sem_resposta,142.0,0.0
484.5,638.4,45.1,0.00,0.00,sem_resposta,142.0,0.0
485.5,637.8,43.1,0.00,0.00,sem_resposta,142.0,0.0
486.5,643.0,35.1,0.00,0.00,sem_resposta,142.5,3.6
487.4,645.3,45.6,0.00,0.00,sem_resposta,142.0,0.0
488.4,636.7,63.0,0.00,0.00,sem_resposta,142.0,0.0
489.4,641.8,57.8,0.00,0.00,sem_resposta,142.0,0.0
490.4,642.7,49.5,0.00,0.00,sem_resposta,142.0,0.0
491.4,637.0,67.4,0.00,0.00,sem_resposta,142.9,6.9
492.3,637.3,39.8,0.00,0.00,sem_resposta,142.0,0.0
493.3,634.9,49.9,0.00,0.00,sem_resposta,142.0,0.0
494.3,638.0,46.2,0.00,0.00,sem_resposta,142.0,0.0
495.3,640.6,45.3,0.00,0.00,sem_resposta,142.0,0.0
496.3,634.5,37.2,0.00,0.00,sem_resposta,142.0,0.0
497.2,644.0,43.7,0.00,0.00,sem_resposta,142.0,0.0
498.2,648.5,29.3,0.00,0.00,sem_resposta,142.0,0.0
499.2,633.3,50.7,0.00,0.00,sem_resposta,142.0,0.0
500.2,645.5,37.7,0.00,0.00,sem_resposta,142.0,0.0
501.2,644.2,35.7,0.00,0.00,sem_resposta,142.0,0.0
502.1,639.2,29.7,0.00,0.00,sem_resposta,142.0,0.0
503.1,646.1,32.7,0.00,0.00,sem_resposta,142.0,0.0
504.1,636.3,50.9,0.00,0.00,sem_resposta,142.0,0.0
505.1,644.7,39.6,0.00,0.00,sem_resposta,142.0,0.0
506.1,636.6,30.0,0.00,0.00,sem_resposta,142.0,0.0
507.0,636.7,69.3,0.00,0.00,sem_resposta,142.0,0.0
508.0,644.8,48.1,0.00,0.00,sem_resposta,142.4,3.2
509.0,648.3,48.2,0.00,0.00,sem_resposta,142.0,0.0
510.6,647.0,36.0,0.00,0.00,sem_resposta,142.0,0.0
511.6,641.5,41.2,0.00,0.00,sem_resposta,142.0,0.0
512.6,638.1,53.1,0.00,0.00,sem_resposta,142.0,0.0
513.6,653.2,41.4,0.00,0.00,sem_resposta,142.0,0.0
514.6,640.4,63.0,0.00,0.00,sem_resposta,142.0,0.0
515.5,636.3,65.3,0.00,0.00,sem_resposta,142.0,0.0
516.5,648.1,52.2,0.00,0.00,sem_resposta,142.0,0.0
517.5,635.8,60.7,0.00,0.00,sem_resposta,142.0,0.0
518.5,646.1,52.8,0.00,0.00,sem_resposta,142.0,0.0
519.5,639.8,36.6,0.00,0.00,sem_resposta,142.0,0.0
520.4,638.3,38.7,0.00,0.00,sem_resposta,142.0,0.0
521.4,650.3,54.4,0.00,0.00,sem_resposta,142.4,2.9
522.4,640.0,28.6,0.00,0.00,sem_resposta,142.0,0.0
523.4,641.7,38.5,0.00,0.00,sem_resposta,142.0,0.0
524.4,645.0,46.8,0.00,0.00,sem_resposta,142.0,0.0
525.3,650.1,55.9,0.00,0.00,sem_resposta,142.0,0.0
526.3,641.6,60.7,0.00,0.00,sem_resposta,142.0,0.0
527.3,656.4,45.3,0.00,0.00,sem_resposta,142.0,0.0
528.3,650.1,41.3,0.00,0.00,sem_resposta,142.0,0.0
529.3,644.8,73.7,0.00,0.00,sem_resposta,142.0,0.0
530.2,641.8,29.2,0.00,0.00,sem_resposta,142.0,0.0
531.2,652.2,53.0,0.00,0.00,sem_resposta,142.0,0.0
532.2,644.5,43.9,0.00,0.00,sem_resposta,142.0,0.0
533.2,631.4,53.1,0.00,0.00,sem_resposta,142.0,0.0
534.2,659.1,53.9,0.00,0.00,sem_resposta,142.0,0.0
535.1,645.8,34.1,0.00,0.00,sem_resposta,142.0,0.0
536.1,657.9,57.2,0.00,0.00,sem_resposta,142.0,0.0
537.1,651.1,34.6,0.00,0.00,sem_resposta,142.2,1.6
538.1,646.5,29.4,0.00,0.00,sem_resposta,142.0,0.0
539.1,637.9,40.0,0.00,0.00,sem_resposta,142.0,0.0
540.0,640.8,54.6,0.00,0.00,sem_resposta,142.0,0.0
541.0,642.7,59.8,0.00,0.00,sem_resposta,142.0,0.0
542.0,642.0,38.5,0.00,0.00,sem_resposta,142.0,0.0
543.6,651.9,62.2,0.00,0.00,sem_resposta,142.8,4.3
544.6,640.1,36.5,0.00,0.00,sem_resposta,142.0,0.0
545.6,650.0,50.1,0.00,0.00,sem_resposta,142.9,6.9
546.6,645.2,47.0,0.00,0.00,sem_resposta,142.2,1.7
547.5,649.0,54.9,0.00,0.00,sem_resposta,142.0,0.0
548.5,643.5,66.3,0.00,0.00,sem_resposta,142.0,0.0
549.5,649.9,51.2,0.00,0.00,sem_resposta,142.4,2.3
550.5,648.0,46.5,0.00,0.00,sem_resposta,142.0,0.0
551.5,639.7,42.5,0.00,0.00,sem_resposta,142.0,0.0
552.5,648.5,54.7,0.00,0.00,sem_resposta,142.0,0.0
553.4,646.5,26.2,0.00,0.00,sem_resposta,142.0,0.0
554.4,642.4,33.8,0.00,0.00,sem_resposta,142.0,0.0
555.4,653.7,55.3,0.00,0.00,sem_resposta,142.0,0.0
556.4,647.7,39.5,0.00,0.00,sem_resposta,142.0,0.0
557.4,646.0,34.9,0.00,0.00,sem_resposta,142.0,0.0
558.3,637.7,29.7,0.00,0.00,sem_resposta,142.0,0.0
559.3,643.9,31.7,0.00,0.00,sem_resposta,142.0,0.0
560.3,647.5,44.8,0.00,0.00,sem_resposta,142.0,0.0
561.3,644.3,35.1,0.00,0.00,sem_resposta,142.0,0.0
562.3,649.5,57.4,0.00,0.00,sem_resposta,142.0,0.0
563.2,657.7,50.1,0.00,0.00,sem_resposta,142.0,0.0
564.2,640.3,26.4,0.00,0.00,sem_resposta,142.0,0.0
565.2,650.0,42.9,0.00,0.00,sem_resposta,142.0,0.0
566.2,636.3,97.1,0.00,0.00,sem_resposta,142.0,0.0
567.2,646.6,40.2,0.00,0.00,sem_resposta,142.0,0.0
568.1,639.4,44.7,0.00,0.00,sem_resposta,142.1,1.1
569.1,649.6,57.4,0.00,0.00,sem_resposta,142.0,0.0
570.1,640.5,47.5,0.00,0.00,sem_resposta,142.0,0.0
571.1,652.2,57.8,0.00,0.00,sem_resposta,142.0,0.0
572.1,1765.9,27.9,0.00,0.00,sem_resposta,142.0,0.0
573.0,1840.5,47.5,0.00,0.00,sem_resposta,142.0,0.0
574.0,1840.2,63.4,0.00,0.00,sem_resposta,142.0,0.0
575.0,1863.6,38.8,0.00,0.00,sem_resposta,142.0,0.0
576.6,1882.9,43.8,0.00,0.00,sem_resposta,142.0,0.0
577.6,1877.0,44.5,0.00,0.00,sem_resposta,142.0,0.0
578.6,1876.5,40.5,0.00,0.00,sem_resposta,142.0,0.0
579.6,1898.2,27.0,0.00,0.00,sem_resposta,142.0,0.0
580.5,1918.4,29.5,0.00,0.00,sem_resposta,142.0,0.0
581.5,1922.2,59.4,0.00,0.00,sem_resposta,142.0,0.0
582.5,1903.5,30.3,0.00,0.00,sem_resposta,142.0,0.4
583.5,1921.8,56.2,0.00,0.00,sem_resposta,142.0,0.0
584.5,1922.0,35.0,0.00,0.00,sem_resposta,142.0,0.0
585.4,1929.7,37.8,0.00,0.00,sem_resposta,142.0,0.0
586.4,1931.1,38.7,0.00,0.00,sem_resposta,142.0,0.0
587.4,1926.7,35.8,0.00,0.00,sem_resposta,142.0,0.0
588.4,1917.6,54.4,0.00,0.00,sem_resposta,142.0,0.0
589.4,1921.2,33.7,0.00,0.00,sem_resposta,142.0,0.0
590.3,1913.0,37.3,0.00,0.00,sem_resposta,142.0,0.0
591.3,1934.2,41.0,0.00,0.00,sem_resposta,142.0,0.0
592.3,1930.5,43.6,0.00,0.00,sem_resposta,143.2,9.5
593.3,1927.4,32.4,0.00,0.00,sem_resposta,142.0,0.0
594.3,1930.7,45.0,0.00,0.00,sem_resposta,142.0,0.0
595.3,1923.9,41.9,0.00,0.00,sem_resposta,142.0,0.0
596.2,1919.2,29.4,0.00,0.00,sem_resposta,143.3,7.8
597.2,1930.9,38.3,0.00,0.00,sem_resposta,142.0,0.0
598.2,1916.6,62.2,0.00,0.00,sem_resposta,142.0,0.0
599.2,1926.6,42.7,0.00,0.00,sem_resposta,142.0,0.0
600.2,1928.0,26.5,0.00,0.00,sem_resposta,142.0,0.0
601.1,1919.4,35.7,0.00,0.00,sem_resposta,142.0,0.0
602.1,1923.2,47.9,0.00,0.00,sem_resposta,142.0,0.0
603.1,1929.5,41.5,0.00,0.00,sem_resposta,142.0,0.0
604.1,1930.3,59.1,0.00,0.00,sem_resposta,142.0,0.0
605.1,1936.5,55.4,0.00,0.00,sem_resposta,142.0,0.0
606.1,1926.4,21.7,0.00,0.00,sem_resposta,142.0,0.0
607.0,1927.2,47.9,0.00,0.00,sem_resposta,142.0,0.0
608.6,1932.7,58.5,0.00,0.00,sem_resposta,142.0,0.0
609.6,1932.9,46.5,0.00,0.00,sem_resposta,142.0,0.0
610.6,1717.9,51.1,0.00,0.00,sem_resposta,142.0,0.0
611.6,1363.3,25.0,0.00,0.00,sem_resposta,142.0,0.0
612.6,1240.2,22.7,0.00,0.00,sem_resposta,142.0,0.0
613.6,1223.3,59.4,0.00,0.00,sem_resposta,142.0,0.0
614.5,1216.7,28.9,0.00,0.00,sem_resposta,142.0,0.0
615.5,1218.0,36.0,0.00,0.00,sem_resposta,143.2,7.2
616.5,1183.5,24.7,0.00,0.00,sem_resposta,142.0,0.0
617.5,1166.8,28.7,0.00,0.00,sem_resposta,142.0,0.0
618.5,1152.2,59.6,0.00,0.00,sem_resposta,142.0,0.0
619.4,1139.2,45.7,0.00,0.00,sem_resposta,142.0,0.0
620.4,1130.3,33.2,0.00,0.00,sem_resposta,142.1,0.7
621.4,1135.5,45.8,0.00,0.00,sem_resposta,142.2,1.7
622.4,1127.1,39.3,0.00,0.00,sem_resposta,142.0,0.0
623.3,1127.4,34.7,0.00,0.00,sem_resposta,142.0,0.0
624.3,1135.7,37.1,0.00,0.00,sem_resposta,142.0,0.0
625.3,1128.8,49.4,0.00,0.00,sem_resposta,142.0,0.0
626.3,1147.0,55.6,0.00,0.00,sem_resposta,142.0,0.0
627.3,1134.1,32.9,0.00,0.00,sem_resposta,142.6,4.8
628.2,1135.0,58.2,0.00,0.00,sem_resposta,142.0,0.0
629.2,1128.4,38.0,0.00,0.00,sem_resposta,142.0,0.0
630.2,1129.2,46.6,0.00,0.00,sem_resposta,142.0,0.0
631.2,1141.0,51.2,0.00,0.00,sem_resposta,142.0,0.0
632.2,1145.9,46.6,0.00,0.00,sem_resposta,142.0,0.0
633.1,1145.6,43.5,0.00,0.00,sem_resposta,142.0,0.0
634.1,1153.1,48.5,0.00,0.00,sem_resposta,142.0,0.0
635.1,1167.2,39.1,0.00,0.00,sem_resposta,142.2,1.6
636.1,1155.4,23.4,0.00,0.00,sem_resposta,142.0,0.0
637.1,1156.6,38.5,0.00,0.00,sem_resposta,142.0,0.0
638.0,1148.5,32.7,0.00,0.00,sem_resposta,142.0,0.0
639.0,1163.2,28.1,0.00,0.00,sem_resposta,142.0,0.0
640.0,1251.1,56.9,0.00,0.00,sem_resposta,142.0,0.0
641.6,1245.1,29.2,0.00,0.00,sem_resposta,142.0,0.0
642.6,1231.0,45.6,0.00,0.00,sem_resposta,142.0,0.0
643.6,1650.5,36.1,0.00,0.00,sem_resposta,142.0,0.0
644.6,2084.4,36.9,0.00,0.00,sem_resposta,142.0,0.0
645.6,2000.0,20.1,0.00,0.00,sem_resposta,142.7,5.6
646.6,1957.3,36.1,0.00,0.00,sem_resposta,142.0,0.0
647.5,1932.0,38.4,0.00,0.00,sem_resposta,142.0,0.0
648.5,1894.8,41.5,0.00,0.00,sem_resposta,142.0,0.0
649.5,1860.7,43.5,0.00,0.00,sem_resposta,142.0,0.0
650.5,1740.7,28.0,0.00,0.00,sem_resposta,142.0,0.0
651.5,1710.3,57.0,0.00,0.00,sem_resposta,142.0,0.0
652.4,1685.3,48.5,0.00,0.00,sem_resposta,142.0,0.0
653.4,1668.0,53.4,0.00,0.00,sem_resposta,142.0,0.0
654.4,1632.7,44.2,0.00,0.00,sem_resposta,142.0,0.0
655.4,1626.3,42.6,0.00,0.00,sem_resposta,142.0,0.0
656.4,1130.1,41.9,0.00,0.00,sem_resposta,142.0,0.0
657.3,649.7,27.2,0.00,0.00,sem_resposta,142.0,0.0
658.3,645.6,45.6,0.00,0.00,sem_resposta,142.0,0.0
659.3,634.8,45.9,0.00,0.00,sem_resposta,142.0,0.0
660.3,639.6,47.5,0.00,0.00,sem_resposta,142.0,0.0
661.3,651.0,56.1,0.00,0.00,sem_resposta,142.0,0.0
662.2,648.5,45.5,0.00,0.00,sem_resposta,142.0,0.0
663.2,641.6,45.1,0.00,0.00,sem_resposta,142.0,0.0
664.2,641.2,25.6,0.00,0.00,sem_resposta,142.0,0.0
665.2,638.3,58.0,0.00,0.00,sem_resposta,142.0,0.0
666.2,628.5,46.7,0.00,0.00,sem_resposta,142.0,0.0
667.1,644.8,38.5,0.00,0.00,sem_resposta,142.0,0.0
668.1,650.7,37.0,0.00,0.00,sem_resposta,142.0,0.0
669.1,646.7,25.6,0.00,0.00,sem_resposta,142.0,0.0
670.1,656.6,39.0,0.00,0.00,sem_resposta,142.0,0.0
671.1,654.9,52.9,0.00,0.00,sem_resposta,142.0,0.0
672.0,639.9,44.8,0.00,0.00,sem_resposta,142.0,0.0
673.0,635.2,44.8,0.00,0.00,sem_resposta,142.2,1.9
674.6,635.4,49.9,0.00,0.00,sem_resposta,142.0,0.0
675.6,649.2,41.0,0.00,0.00,sem_resposta,142.0,0.0
676.6,647.6,39.0,0.00,0.00,sem_resposta,142.0,0.0
677.6,641.9,30.3,0.00,0.00,sem_resposta,142.0,0.0
678.6,637.9,37.4,0.00,0.00,sem_resposta,142.0,0.0
679.5,634.1,60.3,0.00,0.00,sem_resposta,142.0,0.0
680.5,648.3,39.4,0.00,0.00,sem_resposta,142.0,0.0
681.5,655.0,41.1,0.00,0.00,sem_resposta,142.0,0.0
682.5,641.6,33.4,0.00,0.00,sem_resposta,142.0,0.0
683.5,648.0,38.5,0.00,0.00,sem_resposta,142.0,0.0
684.4,649.1,47.3,0.00,0.00,sem_resposta,142.0,0.0
685.4,644.4,28.1,0.00,0.00,sem_resposta,142.0,0.0
686.4,641.9,40.0,0.00,0.00,sem_resposta,142.0,0.0
687.4,649.6,32.4,0.00,0.00,sem_resposta,142.0,0.0
688.4,653.7,45.8,0.00,0.00,sem_resposta,142.0,0.0
689.3,645.9,32.7,0.00,0.00,sem_resposta,142.0,0.0
690.3,653.0,44.3,0.00,0.00,sem_resposta,142.0,0.0
691.3,657.7,44.3,0.00,0.00,sem_resposta,142.0,0.0
692.3,646.4,51.0,0.00,0.00,sem_resposta,142.0,0.0
693.3,649.7,26.0,0.00,0.00,sem_resposta,142.0,0.0
694.2,648.1,36.2,0.00,0.00,sem_resposta,142.0,0.0
695.2,640.2,58.7,0.00,0.00,sem_resposta,142.0,0.0
696.2,653.8,60.1,0.00,0.00,sem_resposta,142.0,0.0
697.2,647.4,38.7,0.00,0.00,sem_resposta,142.0,0.0
698.2,643.8,47.5,0.00,0.00,sem_resposta,142.0,0.0
699.1,644.9,39.2,0.00,0.00,sem_resposta,142.0,0.0
700.1,647.0,35.4,0.00,0.00,sem_resposta,142.0,0.0
701.1,658.2,70.9,0.00,0.00,sem_resposta,142.0,0.0
702.1,644.8,62.3,0.00,0.00,sem_resposta,142.0,0.0
703.1,652.6,54.0,0.00,0.00,sem_resposta,142.0,0.0
704.0,648.5,58.3,0.00,0.00,sem_resposta,142.0,0.0
705.0,652.5,50.9,0.00,0.00,sem_resposta,142.0,0.0
706.0,645.6,44.4,0.00,0.00,sem_resposta,142.0,0.0
707.6,651.6,59.1,0.00,0.00,sem_resposta,142.0,0.0
708.6,635.9,57.0,0.00,0.00,sem_resposta,142.0,0.0
709.6,652.0,38.0,0.00,0.00,sem_resposta,142.0,0.0
710.6,644.8,28.9,0.00,0.00,sem_resposta,142.0,0.0
711.6,647.9,35.7,0.00,0.00,sem_resposta,142.0,0.0
712.5,648.8,39.8,0.00,0.00,sem_resposta,142.0,0.0
713.5,653.9,49.1,0.00,0.00,sem_resposta,142.0,0.0
714.5,644.0,26.5,0.00,0.00,sem_resposta,142.0,0.0
715.5,648.2,26.8,0.00,0.00,sem_resposta,142.8,6.4
716.5,651.1,40.1,0.00,0.00,sem_resposta,142.0,0.0
717.5,638.8,49.8,0.00,0.00,sem_resposta,142.0,0.0
718.4,651.4,42.7,0.00,0.00,sem_resposta,142.0,0.0
719.4,644.8,45.1,0.00,0.00,sem_resposta,142.0,0.0
720.4,653.5,39.6,0.00,0.00,sem_resposta,142.0,0.0
721.4,653.2,39.7,0.00,0.00,sem_resposta,142.0,0.0
722.4,650.6,37.9,0.00,0.00,sem_resposta,142.0,0.0
723.3,646.7,42.0,0.00,0.00,sem_resposta,142.3,2.1
724.3,649.4,25.0,0.00,0.00,sem_resposta,142.0,0.0
725.3,657.8,51.8,0.00,0.00,sem_resposta,142.8,6.1
726.3,639.0,61.4,0.00,0.00,sem_resposta,142.0,0.2
727.3,647.5,31.6,0.00,0.00,sem_resposta,142.0,0.0
728.2,651.1,52.2,0.00,0.00,sem_resposta,142.0,0.0
729.2,648.3,37.0,0.00,0.00,sem_resposta,142.0,0.0
730.2,645.9,47.2,0.00,0.00,sem_resposta,142.2,1.6
731.2,646.4,50.4,0.00,0.00,sem_resposta,142.0,0.0
732.2,646.8,27.9,0.00,0.00,sem_resposta,142.0,0.0
733.1,648.0,49.7,0.00,0.00,sem_resposta,142.0,0.0
734.1,641.8,40.5,0.00,0.00,sem_resposta,142.0,0.0
735.1,651.8,45.9,0.00,0.00,sem_resposta,142.0,0.0
736.1,645.6,40.3,0.00,0.00,sem_resposta,142.0,0.0
737.1,645.4,42.5,0.00,0.00,sem_resposta,142.0,0.0
738.0,642.8,74.8,0.00,0.00,sem_resposta,142.0,0.0
739.0,657.7,55.7,0.00,0.00,sem_resposta,142.0,0.0
740.6,646.5,45.6,0.00,0.00,sem_resposta,142.0,0.0
741.6,643.5,53.3,0.00,0.00,sem_resposta,142.0,0.0
742.6,643.4,44.0,0.00,0.00,sem_resposta,142.1,0.9
743.6,648.2,21.5,0.00,0.00,sem_resposta,142.0,0.0
744.6,643.2,42.7,0.00,0.00,sem_resposta,142.0,0.0
745.5,642.0,64.3,0.00,0.00,sem_resposta,142.0,0.0
746.5,648.3,25.5,0.00,0.00,sem_resposta,142.0,0.0
747.5,636.9,37.0,0.00,0.00,sem_resposta,142.2,1.4
748.5,646.0,36.2,0.00,0.00,sem_resposta,142.0,0.0
749.5,647.2,55.6,0.00,0.00,sem_resposta,142.2,1.7
750.4,651.2,46.3,0.00,0.00,sem_resposta,142.0,0.0
751.4,654.9,40.5,0.00,0.00,sem_resposta,142.0,0.0
752.4,653.4,35.8,0.00,0.00,sem_resposta,142.0,0.0
753.4,644.7,30.9,0.00,0.00,sem_resposta,142.0,0.0
754.4,653.5,37.0,0.00,0.00,sem_resposta,142.2,1.2
755.4,645.4,29.9,0.00,0.00,sem_resposta,142.0,0.0
756.3,651.2,35.1,0.00,0.00,sem_resposta,142.0,0.0
757.3,649.5,34.8,0.00,0.00,sem_resposta,142.0,0.0
758.3,650.0,29.2,0.00,0.00,sem_resposta,142.0,0.0
759.3,653.2,73.1,0.00,0.00,sem_resposta,142.0,0.0
760.3,642.7,34.7,0.00,0.00,sem_resposta,142.0,0.0
761.2,645.9,36.0,0.00,0.00,sem_resposta,142.0,0.0
762.2,655.9,40.1,0.00,0.00,sem_resposta,142.0,0.0
763.2,644.3,50.5,0.00,0.00,sem_resposta,142.0,0.0
764.2,652.4,50.7,0.00,0.00,sem_resposta,142.0,0.0
765.2,652.7,48.8,0.00,0.00,sem_resposta,142.0,0.0
766.1,640.5,45.2,0.00,0.00,sem_resposta,142.0,0.0
767.1,655.0,62.5,0.00,0.00,sem_resposta,142.0,0.0
768.1,654.1,31.9,0.00,0.00,sem_resposta,142.0,0.0
769.1,640.7,58.6,0.00,0.00,sem_resposta,142.0,0.0
770.1,645.6,35.5,0.00,0.00,sem_resposta,142.0,0.0
771.0,640.4,27.7,0.00,0.00,sem_resposta,142.0,0.0
772.0,648.7,37.9,0.00,0.00,sem_resposta,142.0,0.0
773.6,649.1,20.8,0.00,0.00,sem_resposta,142.0,0.0
774.6,643.8,37.3,0.00,0.00,sem_resposta,142.0,0.0
775.6,1564.6,26.9,0.00,0.00,sem_resposta,142.0,0.0
776.6,1366.5,38.4,0.00,0.00,sem_resposta,142.0,0.0
777.6,668.5,34.5,0.00,0.00,sem_resposta,142.2,1.6
778.5,650.5,32.5,0.00,0.00,sem_resposta,142.2,1.7
779.5,652.5,31.8,0.00,0.00,sem_resposta,142.0,0.0
780.5,652.0,36.0,0.00,0.00,sem_resposta,142.0,0.0
781.5,640.8,39.3,0.00,0.00,sem_resposta,142.0,0.0
782.5,659.6,51.6,0.00,0.00,sem_resposta,142.0,0.0
783.4,648.3,46.4,0.00,0.00,sem_resposta,142.0,0.0
784.4,651.8,19.4,0.00,0.00,sem_resposta,142.0,0.0
785.4,649.2,55.3,0.00,0.00,sem_resposta,142.0,0.0
786.4,647.2,40.8,0.00,0.00,sem_resposta,142.0,0.0
787.4,656.0,32.8,0.00,0.00,sem_resposta,142.0,0.0
788.3,647.9,43.4,0.00,0.00,sem_resposta,142.0,0.0
789.3,659.3,54.6,0.00,0.00,sem_resposta,142.0,0.0
790.3,647.0,29.6,0.00,0.00,sem_resposta,142.0,0.0
791.3,646.7,41.7,0.00,0.00,sem_resposta,142.0,0.0
792.3,661.8,65.3,0.00,0.00,sem_resposta,142.0,0.0
793.2,653.1,39.8,0.00,0.00,sem_resposta,142.2,1.6
794.2,655.1,35.5,0.00,0.00,sem_resposta,142.0,0.0
795.2,641.1,55.1,0.00,0.00,sem_resposta,142.0,0.0
796.2,647.1,33.6,0.00,0.00,sem_resposta,142.0,0.0
797.2,640.5,60.8,0.00,0.00,sem_resposta,142.0,0.0
798.1,650.4,50.5,0.00,0.00,sem_resposta,142.0,0.0
799.1,645.1,57.3,0.00,0.00,sem_resposta,142.0,0.0
800.1,634.2,68.7,0.00,0.00,sem_resposta,142.0,0.0
801.1,654.0,34.7,0.00,0.00,sem_resposta,142.0,0.0
802.1,646.7,36.2,0.00,0.00,sem_resposta,142.0,0.0
803.0,648.1,67.6,0.00,0.00,sem_resposta,142.0,0.0
804.0,644.7,40.1,0.00,0.00,sem_resposta,142.0,0.0
805.0,655.8,32.7,0.00,0.00,sem_resposta,142.0,0.0
806.6,650.7,36.4,0.00,0.00,sem_resposta,142.0,0.0
807.6,648.0,44.0,0.00,0.00,sem_resposta,142.0,0.0
808.6,645.9,32.1,0.00,0.00,sem_resposta,142.0,0.0
809.6,654.4,67.2,0.00,0.00,sem_resposta,142.0,0.0
810.6,648.7,29.9,0.00,0.00,sem_resposta,142.0,0.0
811.5,642.9,39.9,0.00,0.00,sem_resposta,142.0,0.0
812.5,642.4,48.2,0.00,0.00,sem_resposta,142.0,0.0
813.5,649.1,41.8,0.00,0.00,sem_resposta,142.0,0.0
814.5,652.8,59.2,0.00,0.00,sem_resposta,142.0,0.0
815.5,648.1,61.5,0.00,0.00,sem_resposta,142.0,0.0
816.4,648.8,35.6,0.00,0.00,sem_resposta,142.0,0.0
817.4,642.4,52.1,0.00,0.00,sem_resposta,142.0,0.0
818.4,656.6,70.1,0.00,0.00,sem_resposta,142.0,0.0
819.4,647.1,31.9,0.00,0.00,sem_resposta,142.0,0.0
820.4,644.6,70.5,0.00,0.00,sem_resposta,142.0,0.0
821.3,642.8,26.8,0.00,0.00,sem_resposta,142.0,0.0
822.3,646.0,37.4,0.00,0.00,sem_resposta,142.0,0.0
823.3,649.3,25.2,0.00,0.00,sem_resposta,142.0,0.0
824.3,639.5,58.9,0.00,0.00,sem_resposta,142.0,0.0
825.3,657.3,67.0,0.00,0.00,sem_resposta,142.0,0.0
826.2,637.3,58.1,0.00,0.00,sem_resposta,142.0,0.0
827.2,644.2,20.9,0.00,0.00,sem_resposta,142.0,0.0
828.2,645.1,41.6,0.00,0.00,sem_resposta,142.1,0.9
829.2,644.0,29.9,0.00,0.00,sem_resposta,142.0,0.0
830.2,648.1,58.2,0.00,0.00,sem_resposta,142.0,0.0
831.1,650.7,35.1,0.00,0.00,sem_resposta,142.0,0.0
832.1,652.0,23.4,0.00,0.00,sem_resposta,142.0,0.0
833.1,641.9,68.6,0.00,0.00,sem_resposta,142.4,3.2
834.1,651.7,36.3,0.00,0.00,sem_resposta,142.0,0.0
835.1,644.4,57.3,0.00,0.00,sem_resposta,142.0,0.0
836.0,652.2,31.8,0.00,0.00,sem_resposta,142.0,0.0
837.0,653.5,20.6,0.00,0.00,sem_resposta,142.0,0.0
838.0,650.0,74.8,0.00,0.00,sem_resposta,142.3,2.4
839.6,668.5,64.5,0.00,0.00,sem_resposta,142.0,0.0
840.6,645.7,29.3,0.00,0.00,sem_resposta,142.1,0.7
841.6,649.6,32.1,0.00,0.00,sem_resposta,142.0,0.0
842.6,645.8,38.3,0.00,0.00,sem_resposta,142.0,0.0
843.6,646.9,32.6,0.00,0.00,sem_resposta,142.0,0.0
844.5,656.7,33.1,0.00,0.00,sem_resposta,142.0,0.0
845.5,652.5,24.3,0.00,0.00,sem_resposta,142.0,0.0
846.5,648.5,36.2,0.00,0.00,sem_resposta,142.0,0.0
847.5,644.8,46.3,0.00,0.00,sem_resposta,142.0,0.0
848.5,639.8,46.3,0.00,0.00,sem_resposta,142.0,0.0
849.4,652.5,30.1,0.00,0.00,sem_resposta,142.0,0.0
850.4,648.6,43.4,0.00,0.00,sem_resposta,142.0,0.0
851.4,653.0,23.9,0.00,0.00,sem_resposta,142.0,0.0
852.4,639.4,58.0,0.00,0.00,sem_resposta,142.0,0.0
853.4,646.2,31.6,0.00,0.00,sem_resposta,142.0,0.0
854.3,646.8,26.4,0.00,0.00,sem_resposta,142.0,0.0
855.3,642.2,33.4,0.00,0.00,sem_resposta,142.0,0.0
856.3,651.7,38.2,0.00,0.00,sem_resposta,142.0,0.0
857.3,639.9,43.7,0.00,0.00,sem_resposta,142.0,0.0
858.2,646.2,39.7,0.00,0.00,sem_resposta,142.0,0.0
859.2,644.0,50.3,0.00,0.00,sem_resposta,142.0,0.0
860.2,656.4,35.4,0.00,0.00,sem_resposta,142.0,0.0
861.2,650.0,23.4,0.00,0.00,sem_resposta,142.0,0.0
862.2,646.8,40.8,0.00,0.00,sem_resposta,142.0,0.0
863.1,648.3,44.8,0.00,0.00,sem_resposta,142.0,0.0
864.1,650.0,33.5,0.00,0.00,sem_resposta,142.0,0.0
865.1,650.5,57.2,0.00,0.00,sem_resposta,142.0,0.0
866.1,654.3,31.5,0.00,0.00,sem_resposta,142.0,0.0
867.1,645.2,42.5,0.00,0.00,sem_resposta,142.0,0.0
868.0,654.4,39.4,0.00,0.00,sem_resposta,142.0,0.0
869.0,659.3,60.0,0.00,0.00,sem_resposta,142.0,0.0
870.0,642.1,47.6,0.00,0.00,sem_resposta,142.0,0.0
871.0,646.3,43.1,0.00,0.00,sem_resposta,142.8,6.4
872.6,647.8,36.3,0.00,0.00,sem_resposta,142.0,0.0
873.6,645.9,32.4,0.00,0.00,sem_resposta,142.0,0.0
874.6,649.7,32.1,0.00,0.00,sem_resposta,142.0,0.0
875.6,644.5,38.2,0.00,0.00,sem_resposta,142.0,0.0
876.6,644.6,45.8,0.00,0.00,sem_resposta,142.0,0.0
877.6,644.4,55.7,0.00,0.00,sem_resposta,142.1,0.5
878.6,650.0,35.6,0.00,0.00,sem_resposta,142.0,0.0
879.5,655.5,53.6,0.00,0.00,sem_resposta,142.0,0.0
880.5,636.4,58.2,0.00,0.00,sem_resposta,142.6,4.6
881.5,649.0,31.9,0.00,0.00,sem_resposta,142.4,3.0
882.5,634.7,69.7,0.00,0.00,sem_resposta,142.1,0.6
883.4,648.5,42.2,0.00,0.00,sem_resposta,142.0,0.0
884.4,646.4,37.4,0.00,0.00,sem_resposta,142.0,0.0
885.4,648.9,45.6,0.00,0.00,sem_resposta,142.5,3.2
886.3,659.7,41.1,0.00,0.00,sem_resposta,142.0,0.0
887.3,643.2,54.4,0.00,0.00,sem_resposta,142.0,0.0
888.3,643.3,42.6,0.00,0.00,sem_resposta,142.0,0.0
889.3,645.5,35.8,0.00,0.00,sem_resposta,142.0,0.0
890.3,632.1,68.7,0.00,0.00,sem_resposta,142.0,0.0
891.2,643.1,48.2,0.00,0.00,sem_resposta,142.0,0.0
892.2,654.7,48.9,0.00,0.00,sem_resposta,142.0,0.0
893.2,640.1,65.4,0.00,0.00,sem_resposta,142.0,0.0
894.2,659.7,67.7,0.00,0.00,sem_resposta,142.3,2.4
895.2,643.2,37.1,0.00,0.00,sem_resposta,142.0,0.0
896.1,646.5,39.4,0.00,0.00,sem_resposta,142.0,0.0
897.1,662.3,35.6,0.00,0.00,sem_resposta,142.0,0.0
898.1,645.9,51.4,0.00,0.00,sem_resposta,142.0,0.0
899.1,651.1,59.8,0.00,0.00,sem_resposta,142.0,0.0
900.1,654.0,34.2,0.00,0.00,sem_resposta,142.0,0.0
901.1,645.7,43.1,0.00,0.00,sem_resposta,142.0,0.0
902.0,648.7,37.8,0.00,0.00,sem_resposta,142.0,0.0
903.0,642.8,49.7,0.00,0.00,sem_resposta,142.0,0.0
904.0,655.6,39.0,0.00,0.00,sem_resposta,142.0,0.0
905.6,653.9,56.9,0.00,0.00,sem_resposta,142.0,0.0
906.6,644.2,80.5,0.00,0.00,sem_resposta,142.0,0.0
907.6,650.0,49.1,0.00,0.00,sem_resposta,142.0,0.0
908.6,644.4,67.8,0.00,0.00,sem_resposta,142.6,3.6
909.6,647.3,26.2,0.00,0.00,sem_resposta,142.0,0.0
910.6,650.5,32.4,0.00,0.00,sem_resposta,142.0,0.0
911.6,654.3,33.1,0.00,0.00,sem_resposta,142.0,0.0
912.5,659.3,56.6,0.00,0.00,sem_resposta,142.0,0.0
913.5,654.7,40.2,0.00,0.00,sem_resposta,142.0,0.0
914.5,657.9,73.6,0.00,0.00,sem_resposta,142.0,0.0
915.5,641.2,31.5,0.00,0.00,sem_resposta,142.0,0.0
916.5,648.4,26.2,0.00,0.00,sem_resposta,142.0,0.0
917.4,648.5,25.6,0.00,0.00,sem_resposta,142.0,0.0
918.4,650.9,38.6,0.00,0.00,sem_resposta,142.0,0.0
919.4,653.5,50.2,0.00,0.00,sem_resposta,142.0,0.0
920.4,654.8,46.8,0.00,0.00,sem_resposta,142.0,0.0
921.4,660.1,41.7,0.00,0.00,sem_resposta,142.0,0.0
922.3,654.6,63.6,0.00,0.00,sem_resposta,142.0,0.4
923.3,649.2,74.0,0.00,0.00,sem_resposta,142.4,2.9
924.3,649.2,39.1,0.00,0.00,sem_resposta,142.5,3.7
925.2,654.3,37.5,0.00,0.00,sem_resposta,142.0,0.0
926.2,654.1,33.8,0.00,0.00,sem_resposta,142.0,0.0
927.2,650.6,39.3,0.00,0.00,sem_resposta,142.0,0.0
928.2,656.9,44.5,0.00,0.00,sem_resposta,142.0,0.0
929.1,646.2,40.0,0.00,0.00,sem_resposta,142.0,0.0
930.1,636.4,62.6,0.00,0.00,sem_resposta,142.0,0.0
931.1,636.1,72.9,0.00,0.00,sem_resposta,142.0,0.0
932.1,649.1,44.0,0.00,0.00,sem_resposta,142.0,0.0
933.1,641.1,69.0,0.00,0.00,sem_resposta,142.0,0.0
934.1,645.4,34.0,0.00,0.00,sem_resposta,142.0,0.0
935.0,645.9,35.3,0.00,0.00,sem_resposta,142.2,1.1
936.0,640.6,38.3,0.00,0.00,sem_resposta,142.0,0.0
937.6,649.1,59.4,0.00,0.00,sem_resposta,142.0,0.0
938.6,647.6,54.9,0.00,0.00,sem_resposta,142.0,0.0
939.6,647.5,48.3,0.00,0.00,sem_resposta,142.0,0.0
940.6,640.4,52.4,0.00,0.00,sem_resposta,142.0,0.0
941.6,641.0,64.7,0.00,0.00,sem_resposta,142.9,6.9
942.6,645.8,42.6,0.00,0.00,sem_resposta,142.0,0.0
943.6,656.9,63.9,0.00,0.00,sem_resposta,142.0,0.0
944.6,652.8,27.1,0.00,0.00,sem_resposta,142.0,0.0
945.6,639.9,67.7,0.00,0.00,sem_resposta,142.0,0.0
946.5,653.5,31.4,0.00,0.00,sem_resposta,142.0,0.0
947.5,650.5,29.2,0.00,0.00,sem_resposta,142.0,0.0
948.5,647.3,64.1,0.00,0.00,sem_resposta,142.0,0.0
949.5,638.4,48.8,0.00,0.00,sem_resposta,142.4,3.2
950.4,656.6,36.6,0.00,0.00,sem_resposta,142.0,0.0
951.4,650.7,28.9,0.00,0.00,sem_resposta,142.0,0.0
952.4,651.3,83.6,0.00,0.00,sem_resposta,142.0,0.0
953.4,648.0,43.7,0.00,0.00,sem_resposta,142.0,0.0
954.3,635.2,60.2,0.00,0.00,sem_resposta,142.0,0.0
955.3,645.6,58.1,0.00,0.00,sem_resposta,142.0,0.0
956.3,649.1,28.6,0.00,0.00,sem_resposta,142.0,0.0
957.3,654.8,51.3,0.00,0.00,sem_resposta,142.0,0.0
958.3,653.2,55.3,0.00,0.00,sem_resposta,142.0,0.0
959.2,647.9,52.1,0.00,0.00,sem_resposta,142.0,0.0
960.2,645.9,62.3,0.00,0.00,sem_resposta,142.0,0.0
961.2,657.0,39.5,0.00,0.00,sem_resposta,142.0,0.0
962.2,662.7,31.0,0.00,0.00,sem_resposta,142.0,0.0
963.2,656.7,43.2,0.00,0.00,sem_resposta,142.0,0.0
964.1,653.0,30.5,0.00,0.00,sem_resposta,142.0,0.0
965.1,653.6,39.3,0.00,0.00,sem_resposta,142.0,0.0
966.1,652.9,39.7,0.00,0.00,sem_resposta,142.0,0.0
967.1,651.0,43.5,0.00,0.00,sem_resposta,142.0,0.0
968.1,648.8,36.0,0.00,0.00,sem_resposta,142.0,0.0
969.0,653.7,28.1,0.00,0.00,sem_resposta,142.0,0.1
970.6,655.1,35.1,0.00,0.00,sem_resposta,142.2,2.0
971.6,658.5,65.5,0.00,0.00,sem_resposta,142.0,0.0
972.6,648.0,42.8,0.00,0.00,sem_resposta,142.0,0.0
973.6,660.0,58.5,0.00,0.00,sem_resposta,142.0,0.0
974.6,649.9,76.7,0.00,0.00,sem_resposta,142.0,0.0
975.6,652.9,62.4,0.00,0.00,sem_resposta,142.0,0.0
976.6,656.9,54.5,0.00,0.00,sem_resposta,142.0,0.0
977.6,658.2,52.2,0.00,0.00,sem_resposta,142.0,0.0
978.6,656.7,56.5,0.00,0.00,sem_resposta,142.3,2.2
979.5,646.2,51.4,0.00,0.00,sem_resposta,142.0,0.0
980.5,650.1,27.7,0.00,0.00,sem_resposta,142.2,1.2
981.5,654.3,88.1,0.00,0.00,sem_resposta,142.0,0.0
982.4,654.4,68.4,0.00,0.00,sem_resposta,142.0,0.0
983.4,638.8,69.3,0.00,0.00,sem_resposta,142.0,0.0
984.4,643.8,31.1,0.00,0.00,sem_resposta,142.0,0.0
985.4,646.0,63.4,0.00,0.00,sem_resposta,142.4,3.0
986.3,649.4,46.1,0.00,0.00,sem_resposta,142.0,0.0
987.3,644.5,46.2,0.00,0.00,sem_resposta,142.0,0.0
988.3,660.4,46.4,0.00,0.00,sem_resposta,142.0,0.0
989.3,642.3,58.9,0.00,0.00,sem_resposta,142.0,0.0
990.3,650.1,38.5,0.00,0.00,sem_resposta,142.0,0.0
991.3,651.5,27.2,0.00,0.00,sem_resposta,142.0,0.0
992.2,648.2,46.0,0.00,0.00,sem_resposta,142.0,0.0
993.2,640.8,40.0,0.00,0.00,sem_resposta,142.0,0.0
994.2,652.0,61.8,0.00,0.00,sem_resposta,142.0,0.0
995.2,639.9,67.8,0.00,0.00,sem_resposta,142.0,0.0
996.2,652.4,32.7,0.00,0.00,sem_resposta,142.2,1.6
997.1,642.5,71.2,0.00,0.00,sem_resposta,142.0,0.2
998.1,657.8,35.3,0.00,0.00,sem_resposta,142.0,0.0
999.1,645.7,51.7,0.00,0.00,sem_resposta,142.9,6.8
1000.1,641.4,71.5,0.00,0.00,sem_resposta,142.0,0.0
1001.1,654.5,56.0,0.00,0.00,sem_resposta,142.0,0.0
1002.0,648.3,39.7,0.00,0.00,sem_resposta,142.9,6.9
1003.6,646.3,47.7,0.00,0.00,sem_resposta,142.0,0.0
1004.6,651.3,59.1,0.00,0.00,sem_resposta,142.0,0.0
1005.6,656.0,59.4,0.00,0.00,sem_resposta,142.0,0.0
1006.6,646.0,46.3,0.00,0.00,sem_resposta,142.0,0.0
1007.6,647.8,40.3,0.00,0.00,sem_resposta,142.0,0.0
1008.6,653.8,30.6,0.00,0.00,sem_resposta,142.2,1.6
1009.6,647.7,45.3,0.00,0.00,sem_resposta,142.0,0.0
1010.6,658.6,54.2,0.00,0.00,sem_resposta,142.2,1.5
1011.6,650.6,31.3,0.00,0.00,sem_resposta,142.0,0.0
1012.6,633.8,65.7,0.00,0.00,sem_resposta,142.0,0.0
1013.5,659.8,54.1,0.00,0.00,sem_resposta,142.0,0.0
1014.5,648.7,39.8,0.00,0.00,sem_resposta,142.0,0.0
1015.5,648.5,45.9,0.00,0.00,sem_resposta,142.0,0.0
1016.5,657.2,38.5,0.00,0.00,sem_resposta,142.0,0.0
1017.4,659.8,42.6,0.00,0.00,sem_resposta,142.0,0.0
1018.4,647.2,54.5,0.00,0.00,sem_resposta,142.2,1.5
1019.4,649.3,43.9,0.00,0.00,sem_resposta,142.0,0.0
1020.4,643.9,45.5,0.00,0.00,sem_resposta,142.0,0.0
1021.3,646.8,49.8,0.00,0.00,sem_resposta,142.0,0.0
1022.3,657.8,50.2,0.00,0.00,sem_resposta,142.0,0.0
1023.3,655.9,53.2,0.00,0.00,sem_resposta,142.0,0.0
1024.2,642.9,37.2,0.00,0.00,sem_resposta,142.0,0.0
1025.2,654.9,33.2,0.00,0.00,sem_resposta,142.1,0.7
1026.2,644.6,52.2,0.00,0.00,sem_resposta,142.0,0.0
1027.1,649.2,69.6,0.00,0.00,sem_resposta,142.0,0.0
1028.1,655.7,70.3,0.00,0.00,sem_resposta,142.0,0.0
1029.1,639.9,47.8,0.00,0.00,sem_resposta,142.0,0.0
1030.1,655.1,47.2,0.00,0.00,sem_resposta,142.0,0.0
1031.1,649.7,21.1,0.00,0.00,sem_resposta,142.0,0.0
1032.1,650.4,61.6,0.00,0.00,sem_resposta,142.0,0.0
1033.0,649.7,35.3,0.00,0.00,sem_resposta,142.0,0.0
1034.0,653.6,31.4,0.00,0.00,sem_resposta,142.0,0.0
1035.0,650.3,64.2,0.00,0.00,sem_resposta,142.0,0.4
1036.6,640.7,38.8,0.00,0.00,sem_resposta,142.0,0.0
1037.6,653.3,36.7,0.00,0.00,sem_resposta,142.0,0.0
1038.7,653.3,29.1,0.00,0.00,sem_resposta,142.0,0.0
1039.7,653.5,47.1,0.00,0.00,sem_resposta,142.0,0.0
1040.7,654.1,48.4,0.00,0.00,sem_resposta,142.0,0.0
1041.7,652.8,30.5,0.00,0.00,sem_resposta,142.0,0.0
1042.6,650.8,43.3,0.00,0.00,sem_resposta,142.0,0.0
1043.6,648.8,38.9,0.00,0.00,sem_resposta,142.0,0.0
1044.6,651.0,69.0,0.00,0.00,sem_resposta,142.0,0.0
1045.6,650.0,43.0,0.00,0.00,sem_resposta,142.0,0.0
1046.5,654.6,47.3,0.00,0.00,sem_resposta,142.2,1.6
1047.5,647.1,30.9,0.00,0.00,sem_resposta,142.0,0.0
1048.5,651.7,65.3,0.00,0.00,sem_resposta,143.2,9.9
1049.5,660.3,37.3,0.00,0.00,sem_resposta,142.0,0.0
1050.4,653.9,35.2,0.00,0.00,sem_resposta,142.0,0.0
1051.4,663.1,43.3,0.00,0.00,sem_resposta,142.0,0.0
1052.4,650.5,29.8,0.00,0.00,sem_resposta,142.0,0.0
1053.3,660.0,52.7,0.00,0.00,sem_resposta,142.0,0.0
1054.3,648.7,33.0,0.00,0.00,sem_resposta,142.0,0.0
1055.3,650.9,35.4,0.00,0.00,sem_resposta,142.0,0.0
1056.2,647.7,37.5,0.00,0.00,sem_resposta,142.0,0.0
1057.2,636.4,56.5,0.00,0.00,sem_resposta,142.0,0.0
1058.2,651.1,53.6,0.00,0.00,sem_resposta,142.0,0.0
1059.1,645.2,27.1,0.00,0.00,sem_resposta,142.0,0.0
1060.1,643.4,69.7,0.00,0.00,sem_resposta,142.0,0.0
1061.1,650.5,45.1,0.00,0.00,sem_resposta,142.0,0.0
1062.1,641.7,37.8,0.00,0.00,sem_resposta,142.0,0.0
1063.1,646.2,56.0,0.00,0.00,sem_resposta,142.0,0.0
1064.0,653.3,64.6,0.00,0.00,sem_resposta,142.0,0.0
1065.0,650.9,27.0,0.00,0.00,sem_resposta,142.0,0.0
1066.0,647.2,22.9,0.00,0.00,sem_resposta,142.0,0.0
1067.0,647.9,38.2,0.00,0.00,sem_resposta,142.0,0.0
1068.0,640.1,63.8,0.00,0.00,sem_resposta,142.0,0.0
1069.7,643.4,70.1,0.00,0.00,sem_resposta,142.0,0.0
1070.7,656.7,35.3,0.00,0.00,sem_resposta,142.0,0.0
1071.7,661.4,74.1,0.00,0.00,sem_resposta,142.0,0.0
1072.7,643.1,33.9,0.00,0.00,sem_resposta,142.0,0.0
1073.7,654.9,40.8,0.00,0.00,sem_resposta,142.0,0.0
1074.7,649.8,55.2,0.00,0.00,sem_resposta,142.0,0.0
1075.7,652.5,41.0,0.00,0.00,sem_resposta,142.6,4.8
1076.6,643.3,54.8,0.00,0.00,sem_resposta,142.0,0.0
1077.6,658.3,47.1,0.00,0.00,sem_resposta,142.0,0.0
1078.6,654.0,51.7,0.00,0.00,sem_resposta,142.0,0.0
1079.6,643.5,88.6,0.00,0.00,sem_resposta,142.0,0.0
1080.6,656.5,64.3,0.00,0.00,sem_resposta,142.0,0.0
1081.5,655.9,49.8,0.00,0.00,sem_resposta,142.0,0.0
1082.5,647.4,50.7,0.00,0.00,sem_resposta,142.0,0.0
1083.5,641.2,65.5,0.00,0.00,sem_resposta,142.0,0.0
1084.4,655.2,58.0,0.00,0.00,sem_resposta,142.0,0.0
1085.4,653.5,32.2,0.00,0.00,sem_resposta,142.0,0.0
1086.4,644.5,39.0,0.00,0.00,sem_resposta,143.0,7.9
1087.3,655.0,38.5,0.00,0.00,sem_resposta,142.0,0.0
1088.3,659.6,79.1,0.00,0.00,sem_resposta,142.0,0.0
1089.2,640.0,64.6,0.00,0.00,sem_resposta,142.0,0.0
1090.2,654.8,36.3,0.00,0.00,sem_resposta,142.0,0.0
1091.1,654.1,49.1,0.00,0.00,sem_resposta,142.0,0.0
1092.1,651.7,48.6,0.00,0.00,sem_resposta,142.0,0.0
1093.1,655.8,35.6,0.00,0.00,sem_resposta,142.0,0.0
1094.1,651.0,50.4,0.00,0.00,sem_resposta,142.0,0.0
1095.1,657.9,50.9,0.00,0.00,sem_resposta,142.0,0.0
1096.0,648.5,40.2,0.00,0.00,sem_resposta,142.0,0.0
1097.0,649.2,65.0,0.00,0.00,sem_resposta,142.0,0.0
1098.0,643.8,67.5,0.00,0.00,sem_resposta,142.2,1.6
1099.0,652.2,51.3,0.00,0.00,sem_resposta,142.0,0.0
1100.0,649.2,49.5,0.00,0.00,sem_resposta,142.0,0.0
1101.0,658.7,40.5,0.00,0.00,sem_resposta,142.0,0.0
1102.7,660.8,66.7,0.00,0.00,sem_resposta,142.0,0.0
1103.7,672.3,66.0,0.00,0.00,sem_resposta,142.0,0.2
1104.7,651.2,82.9,0.00,0.00,sem_resposta,142.0,0.0
1105.7,646.2,40.7,0.00,0.00,sem_resposta,142.0,0.2
1106.7,641.1,70.5,0.00,0.00,sem_resposta,142.6,4.6
1107.7,644.1,66.4,0.00,0.00,sem_resposta,143.1,6.7
1108.7,653.7,44.5,0.00,0.00,sem_resposta,142.1,1.1
1109.6,634.5,82.3,0.00,0.00,sem_resposta,142.0,0.0
1110.6,654.7,37.1,0.00,0.00,sem_resposta,142.0,0.0
1111.6,639.5,50.6,0.00,0.00,sem_resposta,142.0,0.0
1112.5,654.8,38.3,0.00,0.00,sem_resposta,142.0,0.0
1113.5,650.2,41.6,0.00,0.00,sem_resposta,142.0,0.0
1114.5,654.4,42.9,0.00,0.00,sem_resposta,142.0,0.0
1115.4,655.0,59.2,0.00,0.00,sem_resposta,142.0,0.0
1116.4,653.2,33.9,0.00,0.00,sem_resposta,142.0,0.0
1117.4,646.9,53.4,0.00,0.00,sem_resposta,142.0,0.0
1118.4,652.0,43.0,0.00,0.00,sem_resposta,142.0,0.0
1119.3,660.0,52.8,0.00,0.00,sem_resposta,142.0,0.0
1120.3,657.4,37.0,0.00,0.00,sem_resposta,142.0,0.0
1121.3,653.1,38.1,0.00,0.00,sem_resposta,142.0,0.0
1122.2,649.1,46.1,0.00,0.00,sem_resposta,142.0,0.0
1123.2,658.0,51.5,0.00,0.00,sem_resposta,142.0,0.0
1124.2,641.9,58.1,0.00,0.00,sem_resposta,142.0,0.0
1125.1,645.0,52.6,0.00,0.00,sem_resposta,142.0,0.0
1126.1,653.0,46.5,0.00,0.00,sem_resposta,142.0,0.1
1127.1,650.0,45.8,0.00,0.00,sem_resposta,142.0,0.0
1128.1,646.4,45.6,0.00,0.00,sem_resposta,142.0,0.1
1129.1,653.1,41.6,0.00,0.00,sem_resposta,142.0,0.0
1130.0,653.0,38.1,0.00,0.00,sem_resposta,142.0,0.0
1131.0,654.0,49.1,0.00,0.00,sem_resposta,142.0,0.0
1132.0,652.6,31.6,0.00,0.00,sem_resposta,142.0,0.0
1133.0,648.3,60.1,0.00,0.00,sem_resposta,142.0,0.0
1134.0,648.2,31.7,0.00,0.00,sem_resposta,142.0,0.0
1135.6,656.0,51.0,0.00,0.00,sem_resposta,142.0,0.0
1136.7,661.7,42.4,0.00,0.00,sem_resposta,142.0,0.0
1137.7,648.0,57.5,0.00,0.00,sem_resposta,143.2,9.5
1138.7,649.6,44.1,0.00,0.00,sem_resposta,142.0,0.0
1139.7,651.6,32.5,0.00,0.00,sem_resposta,142.0,0.0
1140.6,663.2,57.9,0.00,0.00,sem_resposta,142.0,0.0
1141.6,648.3,43.1,0.00,0.00,sem_resposta,142.0,0.0
1142.6,642.5,47.9,0.00,0.00,sem_resposta,142.2,1.6
1143.6,649.6,35.1,0.00,0.00,sem_resposta,142.3,2.1
1144.5,654.3,44.5,0.00,0.00,sem_resposta,142.0,0.0
1145.5,659.4,47.5,0.00,0.00,sem_resposta,142.0,0.0
1146.5,650.5,42.5,0.00,0.00,sem_resposta,142.0,0.0
1147.4,649.0,54.2,0.00,0.00,sem_resposta,142.0,0.0
1148.4,647.7,30.3,0.00,0.00,sem_resposta,142.0,0.2
1149.4,643.7,43.3,0.00,0.00,sem_resposta,142.0,0.0
1150.4,655.0,37.0,0.00,0.00,sem_resposta,142.0,0.0
1151.3,646.2,37.7,0.00,0.00,sem_resposta,142.0,0.0
1152.3,636.7,54.6,0.00,0.00,sem_resposta,142.0,0.0
1153.3,644.5,33.7,0.00,0.00,sem_resposta,142.0,0.0
1154.2,650.7,30.2,0.00,0.00,sem_resposta,142.0,0.0
1155.2,646.6,57.1,0.00,0.00,sem_resposta,142.0,0.0
1156.2,646.3,31.8,0.00,0.00,sem_resposta,142.0,0.0
1157.2,657.6,37.5,0.00,0.00,sem_resposta,142.0,0.0
1158.1,661.3,50.3,0.00,0.00,sem_resposta,142.0,0.0
1159.1,648.0,30.5,0.00,0.00,sem_resposta,142.0,0.0
1160.1,652.6,35.2,0.00,0.00,sem_resposta,142.0,0.0
1161.1,654.1,33.1,0.00,0.00,sem_resposta,142.0,0.0
1162.0,640.8,53.2,0.00,0.00,sem_resposta,142.0,0.0
1163.0,649.8,29.0,0.00,0.00,sem_resposta,142.0,0.0
1164.0,653.1,30.6,0.00,0.00,sem_resposta,142.0,0.0
1165.0,648.0,58.8,0.00,0.00,sem_resposta,142.0,0.0
1166.0,653.6,54.2,0.00,0.00,sem_resposta,142.0,0.0
1167.0,650.6,55.9,0.00,0.00,sem_resposta,142.3,2.5
1168.6,646.9,29.5,0.00,0.00,sem_resposta,142.0,0.0
1169.7,665.1,52.0,0.00,0.00,sem_resposta,142.0,0.0
1170.7,660.4,63.4,0.00,0.00,sem_resposta,142.0,0.0
1171.7,665.7,47.6,0.00,0.00,sem_resposta,142.0,0.0
1172.7,652.8,49.8,0.00,0.00,sem_resposta,142.0,0.0
1173.6,654.8,29.4,0.00,0.00,sem_resposta,142.0,0.0
1174.6,647.7,27.7,0.00,0.00,sem_resposta,142.0,0.0
1175.6,655.8,30.9,0.00,0.00,sem_resposta,142.0,0.0
1176.6,655.5,42.1,0.00,0.00,sem_resposta,142.0,0.0
1177.5,657.4,42.3,0.00,0.00,sem_resposta,142.0,0.0
1178.5,653.2,40.4,0.00,0.00,sem_resposta,142.0,0.0
1179.5,647.0,65.1,0.00,0.00,sem_resposta,142.0,0.0
1180.4,655.9,35.6,0.00,0.00,sem_resposta,142.5,3.8
1181.4,659.7,29.1,0.00,0.00,sem_resposta,142.0,0.0
1182.4,646.7,52.8,0.00,0.00,sem_resposta,142.0,0.0
1183.3,647.5,47.6,0.00,0.00,sem_resposta,142.0,0.0
1184.3,660.8,43.8,0.00,0.00,sem_resposta,142.0,0.0
1185.3,653.1,57.6,0.00,0.00,sem_resposta,142.0,0.0
1186.3,648.1,24.9,0.00,0.00,sem_resposta,142.0,0.0
1187.2,646.8,51.1,0.00,0.00,sem_resposta,142.0,0.0
1188.2,647.8,37.3,0.00,0.00,sem_resposta,142.0,0.0
1189.2,649.8,24.9,0.00,0.00,sem_resposta,142.0,0.0
1190.1,650.5,52.5,0.00,0.00,sem_resposta,142.0,0.0
1191.1,653.5,30.5,0.00,0.00,sem_resposta,142.0,0.0
1192.1,644.9,60.8,0.00,0.00,sem_resposta,142.0,0.0
1193.1,648.5,26.8,0.00,0.00,sem_resposta,142.0,0.0
1194.1,648.8,36.9,0.00,0.00,sem_resposta,142.0,0.0
1195.0,650.2,55.5,0.00,0.00,sem_resposta,142.0,0.0
1196.0,662.0,46.3,0.00,0.00,sem_resposta,142.0,0.0
1197.0,648.6,48.1,0.00,0.00,sem_resposta,142.0,0.0
1198.0,651.0,44.9,0.00,0.00,sem_resposta,142.0,0.0
1199.0,654.2,42.6,0.00,0.00,sem_resposta,142.0,0.0
1200.0,648.3,37.4,0.00,0.00,sem_resposta,142.0,0.0
1201.7,645.0,41.5,0.00,0.00,sem_resposta,142.0,0.0
1202.7,649.4,49.2,0.00,0.00,sem_resposta,142.0,0.0
1203.7,646.2,61.7,0.00,0.00,sem_resposta,142.0,0.0
1204.7,653.8,30.2,0.00,0.00,sem_resposta,142.0,0.0
1205.6,658.9,64.1,0.00,0.00,sem_resposta,142.0,0.0
1206.6,652.4,54.6,0.00,0.00,sem_resposta,142.0,0.0
1207.6,1910.2,34.1,0.00,0.00,sem_resposta,142.0,0.0
1208.6,1466.7,56.5,0.00,0.00,sem_resposta,142.0,0.0
1209.5,1191.5,27.0,0.00,0.00,sem_resposta,142.0,0.0
1210.5,1192.2,32.1,0.00,0.00,sem_resposta,142.6,4.5
1211.5,1407.0,35.5,0.00,0.00,sem_resposta,142.0,0.0
1212.5,1263.1,44.4,0.00,0.00,sem_resposta,142.0,0.0
1213.4,1283.2,47.9,0.00,0.00,sem_resposta,142.0,0.0
1214.4,1194.3,52.4,0.00,0.00,sem_resposta,142.0,0.0
1215.4,1207.3,27.4,0.00,0.00,sem_resposta,142.0,0.0
1216.3,1377.5,31.3,0.00,0.00,sem_resposta,142.0,0.0
1217.3,1396.0,29.5,0.00,0.00,sem_resposta,142.0,0.0
1218.4,1284.2,38.9,0.00,0.00,erro_crc,142.0,0.0
1219.3,1155.2,35.0,0.00,0.00,erro_crc,142.0,0.0
1220.3,1583.4,42.9,0.00,0.00,erro_crc,142.0,0.0
1221.3,1464.0,41.1,0.00,0.00,erro_crc,142.0,0.0
1222.3,1455.6,51.1,0.00,0.00,erro_crc,142.0,0.0
1223.2,1449.9,31.0,0.00,0.00,erro_crc,142.0,0.0
1224.2,1451.1,49.3,0.00,0.00,erro_crc,142.0,0.0
1225.2,1444.8,45.7,0.00,0.00,erro_crc,142.5,4.0
1226.2,1442.2,39.0,0.00,0.00,erro_crc,142.0,0.0
1227.2,1427.0,67.3,0.00,0.00,erro_crc,142.0,0.0
1228.1,1415.4,58.6,0.00,0.00,erro_crc,142.0,0.0
1229.1,1420.9,42.4,0.00,0.00,erro_crc,142.8,6.6
1230.1,1414.3,60.8,0.00,0.00,erro_crc,142.7,5.6
1231.1,1404.9,56.7,0.00,0.00,erro_crc,142.0,0.0
1232.1,1401.8,46.1,0.00,0.00,erro_crc,142.2,1.6
1233.8,1396.7,79.9,0.00,0.00,erro_crc,144.1,11.8
1234.8,1400.0,46.9,0.00,0.00,erro_crc,142.0,0.0
1235.8,1388.0,60.9,0.00,0.00,erro_crc,142.0,0.0
1236.8,1392.2,39.8,0.00,0.00,erro_crc,142.1,0.7
1237.7,1387.1,40.4,0.00,0.00,erro_crc,142.0,0.0
1238.7,1451.0,33.4,0.00,0.00,erro_crc,142.0,0.0
1239.7,1510.8,51.4,0.00,0.00,erro_crc,142.4,2.9
1240.7,1469.6,45.9,0.00,0.00,erro_crc,142.0,0.0
1241.7,2164.3,57.7,0.00,0.00,erro_crc,142.0,0.0
1242.6,843.8,27.6,0.00,0.00,erro_crc,142.0,0.0
1243.6,738.5,51.7,0.00,0.00,erro_crc,142.1,1.1
1244.6,740.4,37.0,0.00,0.00,erro_crc,142.0,0.0
1245.5,1047.8,51.9,0.00,0.00,erro_crc,142.0,0.0
1246.5,869.7,62.1,0.00,0.00,erro_crc,142.0,0.0
1247.5,953.7,29.2,0.00,0.00,erro_crc,142.0,0.0
1248.4,760.2,58.5,0.00,0.00,erro_crc,142.5,4.1
1249.4,658.9,42.3,0.00,0.00,erro_crc,142.0,0.0
1250.4,690.8,28.1,0.00,0.00,erro_crc,142.0,0.0
1251.4,651.2,41.9,0.00,0.00,erro_crc,142.0,0.2
1252.4,661.4,49.8,0.00,0.00,erro_crc,142.0,0.0
1253.3,641.1,54.2,0.00,0.00,erro_crc,142.0,0.0
1254.3,712.6,48.1,0.00,0.00,erro_crc,142.0,0.0
1255.3,696.6,57.9,0.00,0.00,erro_crc,142.9,7.4
1256.3,652.9,31.2,0.00,0.00,erro_crc,142.0,0.0
1257.3,650.0,55.3,0.00,0.00,erro_crc,142.0,0.2
1258.2,2078.4,40.9,0.00,0.00,erro_crc,142.0,0.0
1259.2,1292.5,55.2,0.00,0.00,erro_crc,142.2,1.2
1260.2,763.4,35.7,0.00,0.00,erro_crc,142.2,1.2
1261.2,649.2,75.9,0.00,0.00,erro_crc,142.0,0.0
1262.2,1830.8,27.0,0.00,0.00,erro_crc,142.2,2.0
1263.1,1637.9,43.1,22.13,83.36,ok,142.2,1.6
1264.1,1540.6,37.3,22.30,84.40,ok,142.0,0.0
1265.1,1549.0,34.4,22.46,85.22,ok,142.0,0.0
1266.7,1496.8,41.6,22.54,85.82,ok,142.0,0.0
1267.7,1567.0,58.3,22.61,86.13,ok,142.0,0.0
1268.7,1028.3,35.5,22.75,86.82,ok,142.0,0.0
1269.7,2196.1,46.0,22.83,87.37,ok,142.0,0.0
1270.6,1141.3,45.1,22.92,87.75,ok,142.0,0.0
1271.6,783.0,33.7,23.03,88.26,ok,142.0,0.0
1272.6,827.0,42.7,23.04,88.27,ok,142.0,0.0
1273.6,810.2,37.4,23.07,88.40,ok,142.0,0.0
1274.6,648.0,35.7,23.09,88.49,ok,142.0,0.0
1275.5,653.3,38.8,23.03,88.26,ok,142.0,0.0
1276.5,660.4,47.1,22.98,88.21,ok,142.0,0.0
1277.5,653.9,30.5,0.00,0.00,erro_crc,142.0,0.0
1278.5,661.0,59.2,22.90,87.73,ok,142.0,0.0
1279.5,649.8,56.5,22.82,87.20,ok,142.0,0.0
1280.4,654.9,48.8,22.77,86.68,ok,142.0,0.0
1281.4,791.2,33.5,22.74,86.19,ok,142.0,0.0
1282.4,1081.3,26.7,22.75,86.30,ok,142.0,0.0
1283.4,652.0,57.2,22.70,85.65,ok,142.0,0.0
1284.4,656.1,34.1,22.65,85.01,ok,142.0,0.0
1285.3,650.4,33.4,22.61,84.76,ok,142.0,0.0
1286.3,649.1,38.8,22.59,84.15,ok,142.0,0.0
1287.3,658.7,40.8,22.53,83.46,ok,142.0,0.0
1288.3,660.2,57.0,22.52,83.02,ok,142.0,0.0
1289.2,655.6,44.8,22.50,82.87,ok,142.0,0.0
1290.2,657.7,25.5,22.47,83.06,ok,142.0,0.0
1291.2,651.9,35.0,22.45,82.83,ok,142.0,0.0
1292.2,648.9,44.7,22.44,82.42,ok,142.0,0.0
1293.2,649.7,54.5,22.45,82.23,ok,142.0,0.0
1294.1,658.3,51.8,22.43,82.29,ok,142.0,0.0
1295.1,642.0,52.6,22.40,82.40,ok,142.0,0.0
1296.1,661.6,37.9,22.39,82.30,ok,142.0,0.0
1297.1,657.2,40.1,22.36,82.10,ok,142.0,0.0
1298.1,653.8,26.0,22.34,82.00,ok,142.0,0.0
1299.7,654.2,69.3,22.32,81.70,ok,142.0,0.0
1300.7,665.1,53.0,22.30,81.30,ok,142.0,0.0
1301.7,659.0,39.7,22.28,81.01,ok,142.0,0.0
1302.7,655.1,34.9,22.26,80.65,ok,142.0,0.0
1303.6,656.4,43.1,22.25,80.30,ok,142.0,0.0
1304.6,652.3,30.9,22.24,79.90,ok,142.0,0.0
1305.6,651.9,46.3,22.21,79.34,ok,142.6,4.8
1306.6,656.1,51.7,22.21,78.92,ok,142.9,6.9
1307.6,648.8,44.2,22.18,78.45,ok,142.0,0.0
1308.5,645.2,47.9,22.15,77.97,ok,142.6,4.8
1309.5,654.9,34.5,22.17,77.83,ok,142.0,0.0
1310.5,643.2,71.6,22.13,77.41,ok,142.0,0.0
1311.5,653.7,33.3,22.14,77.11,ok,142.0,0.0
1312.4,651.1,44.7,22.12,76.81,ok,142.0,0.0
1313.4,647.2,41.6,22.12,76.51,ok,142.0,0.0
1314.4,650.8,35.5,22.10,76.15,ok,142.0,0.0
1315.4,650.5,31.4,22.08,75.85,ok,142.0,0.0
1316.3,652.1,52.3,22.08,75.65,ok,142.0,0.0
1317.3,644.5,73.3,22.10,75.72,ok,142.0,0.0
1318.3,652.3,46.5,22.09,75.47,ok,142.0,0.0
1319.3,647.3,69.5,22.07,75.25,ok,142.0,0.0
1320.2,648.2,39.4,22.07,75.02,ok,142.0,0.0
1321.2,662.8,56.4,22.06,75.04,ok,142.0,0.0
1322.2,646.5,58.3,22.05,74.76,ok,142.0,0.0
1323.2,642.5,39.3,22.05,74.64,ok,142.0,0.0
1324.2,646.9,50.0,22.05,74.78,ok,142.0,0.0
1325.1,654.7,50.6,22.07,74.86,ok,142.0,0.0
1326.1,656.2,52.2,22.07,74.97,ok,142.0,0.0
1327.1,658.7,34.2,22.07,74.93,ok,142.0,0.0
1328.1,664.0,48.2,22.07,75.01,ok,142.0,0.0
1329.1,649.3,40.2,22.07,75.13,ok,142.0,0.0
1330.0,664.5,49.5,22.09,75.47,ok,142.0,0.0
1331.0,661.4,43.1,22.07,75.76,ok,142.0,0.0
1332.7,644.4,44.8,22.06,75.90,ok,142.0,0.0
1333.7,646.8,31.1,22.06,75.79,ok,142.0,0.0
1334.7,655.8,38.5,22.04,75.99,ok,142.0,0.0
1335.7,647.7,70.2,22.08,76.32,ok,142.0,0.0
1336.7,662.6,39.9,22.07,76.57,ok,142.0,0.0
1337.7,649.3,61.8,22.08,76.98,ok,142.0,0.0
1338.7,649.0,57.4,22.04,76.94,ok,142.0,0.0
1339.6,651.8,67.5,22.04,76.64,ok,142.0,0.0
1340.6,651.5,53.3,22.02,76.44,ok,142.0,0.0
1341.6,651.2,41.8,22.01,76.36,ok,142.0,0.0
1342.6,661.2,61.8,22.02,76.36,ok,142.0,0.0
1343.5,647.5,49.7,22.03,76.70,ok,142.0,0.0
1344.5,644.0,51.9,22.01,76.86,ok,142.0,0.0
1345.5,655.4,39.8,22.02,76.68,ok,142.0,0.0
1346.5,663.1,52.4,22.00,76.40,ok,142.0,0.0
1347.4,657.2,41.2,22.01,76.30,ok,142.0,0.0
1348.4,651.3,33.8,22.00,76.50,ok,142.1,0.9
1349.4,654.9,42.7,22.00,76.75,ok,142.0,0.0
1350.3,652.7,53.8,22.01,77.11,ok,142.0,0.0
1351.3,655.7,35.1,22.01,77.09,ok,142.0,0.0
1352.3,655.0,33.4,22.00,76.84,ok,142.0,0.0
1353.3,644.3,35.6,22.00,76.69,ok,142.0,0.0
1354.2,655.4,41.2,21.99,76.74,ok,142.0,0.0
1355.2,653.5,48.5,22.01,76.99,ok,142.0,0.0
1356.2,648.3,33.9,22.01,77.37,ok,142.0,0.0
1357.2,645.4,52.6,22.01,77.67,ok,142.0,0.0
1358.2,647.3,57.8,22.01,77.99,ok,142.0,0.0
1359.1,646.8,57.3,22.01,78.35,ok,142.0,0.0
1360.1,662.7,44.7,22.00,78.64,ok,142.0,0.0
1361.1,650.6,41.3,22.00,78.99,ok,142.0,0.0
1362.1,655.2,70.5,22.02,79.41,ok,142.0,0.0
1363.1,648.2,51.4,22.03,79.70,ok,142.0,0.0
1364.1,662.5,57.4,22.02,79.85,ok,142.0,0.0
1365.7,653.3,57.4,22.01,79.92,ok,142.0,0.0
1366.7,652.3,44.0,21.98,79.82,ok,142.0,0.0
1367.7,673.0,64.5,22.00,79.94,ok,142.0,0.0
1368.7,658.9,53.8,21.99,80.10,ok,142.0,0.0
1369.7,649.7,40.6,21.97,80.25,ok,142.0,0.0
1370.7,649.8,38.9,21.96,79.92,ok,142.0,0.0
1371.6,646.6,62.9,21.95,79.49,ok,142.0,0.0
1372.6,651.9,40.7,21.94,79.13,ok,142.0,0.0
1373.6,641.1,72.9,21.93,78.75,ok,142.6,4.6
1374.6,656.0,78.1,21.91,78.46,ok,142.0,0.0
1375.5,654.2,42.8,21.91,78.17,ok,142.0,0.0
1376.5,655.7,54.0,21.91,77.97,ok,142.0,0.0
1377.5,651.7,46.4,21.93,77.92,ok,142.0,0.0
1378.5,654.5,59.5,21.90,77.77,ok,142.0,0.0
1379.4,658.7,33.3,21.90,77.50,ok,142.0,0.0
1380.4,645.1,57.1,21.91,77.32,ok,142.0,0.0
1381.4,642.7,59.6,21.88,77.01,ok,142.0,0.0
1382.3,654.3,32.3,21.89,76.88,ok,142.0,0.0
1383.3,667.9,31.4,21.87,76.75,ok,142.0,0.0
1384.3,655.3,50.4,21.88,76.47,ok,142.0,0.0
1385.3,664.3,31.7,21.88,76.39,ok,142.0,0.0
1386.2,663.2,40.7,21.90,76.51,ok,142.0,0.0
1387.2,639.8,72.5,21.88,76.34,ok,142.0,0.0
1388.2,648.8,69.6,21.88,76.31,ok,142.6,4.8
1389.2,664.7,36.8,21.90,76.48,ok,142.0,0.0
1390.2,656.2,41.1,21.88,76.50,ok,142.0,0.0
1391.1,651.7,36.7,21.88,76.69,ok,142.0,0.0
1392.1,651.7,33.8,21.88,76.66,ok,142.0,0.0
1393.1,655.1,44.1,21.88,76.45,ok,142.0,0.0
1394.1,650.6,41.4,21.87,76.53,ok,142.0,0.0
1395.1,661.1,37.9,21.88,76.75,ok,142.0,0.0
1396.0,657.6,59.5,21.88,76.56,ok,142.0,0.0
1397.1,651.6,39.1,21.88,76.32,ok,142.6,4.6
1398.7,643.5,50.4,21.88,76.05,ok,142.0,0.0
1399.7,643.3,58.8,21.86,75.83,ok,142.0,0.0
1400.7,651.3,41.6,21.87,75.55,ok,142.0,0.0
1401.7,659.0,41.8,21.86,75.65,ok,142.0,0.0
1402.7,662.2,44.3,21.88,75.78,ok,142.0,0.0
1403.6,651.5,51.1,21.86,75.99,ok,142.0,0.0
1404.6,649.2,54.0,21.87,76.27,ok,142.0,0.0
1405.6,657.9,49.7,21.91,76.67,ok,142.0,0.0
1406.6,646.9,58.5,21.89,77.04,ok,142.1,1.0
1407.5,655.7,42.1,21.90,77.21,ok,142.0,0.0
1408.5,654.9,28.5,21.91,77.35,ok,142.0,0.0
1409.5,657.7,69.7,21.89,77.73,ok,142.0,0.0
1410.4,650.4,50.7,21.91,77.88,ok,142.0,0.0
1411.4,653.4,46.4,21.93,78.03,ok,142.0,0.0
1412.4,654.7,41.6,21.91,77.78,ok,142.6,4.5
1413.4,659.6,53.5,21.90,77.45,ok,142.0,0.0
1414.3,655.6,29.5,21.91,77.34,ok,142.0,0.0
1415.3,661.0,36.4,21.89,77.19,ok,142.0,0.0
1416.3,648.9,34.8,21.86,76.97,ok,142.0,0.0
1417.3,656.9,33.0,21.89,76.78,ok,142.5,4.1
1418.3,658.2,36.6,21.89,76.60,ok,142.0,0.0
1419.2,664.6,50.7,21.88,76.50,ok,142.0,0.0
1420.2,659.0,59.7,21.90,76.58,ok,142.0,0.0
1421.2,659.7,29.4,21.90,76.72,ok,142.0,0.0
1422.2,651.0,33.3,21.92,77.05,ok,142.0,0.0
1423.2,646.5,45.9,21.92,77.39,ok,142.0,0.0
1424.2,655.4,62.3,21.91,77.47,ok,142.0,0.0
1425.1,654.2,64.3,21.92,77.42,ok,142.0,0.0
1426.1,652.2,29.4,21.90,77.22,ok,142.2,1.9
1427.1,659.8,35.1,21.92,77.13,ok,142.0,0.0
1428.1,650.6,30.2,21.91,77.23,ok,142.0,0.0
1429.1,650.6,37.1,21.92,77.44,ok,142.0,0.0
1430.1,642.2,45.0,21.93,77.85,ok,142.0,0.0
1431.7,661.6,32.1,21.93,78.10,ok,142.0,0.0
1432.7,656.9,30.3,21.90,77.76,ok,142.0,0.0
1433.7,654.4,33.9,21.88,77.43,ok,142.0,0.0
1434.7,646.4,35.9,21.88,77.05,ok,142.2,1.6
1435.7,662.0,65.1,21.86,76.79,ok,142.0,0.0
1436.6,658.1,39.4,21.87,76.71,ok,142.0,0.0
1437.6,656.5,28.6,21.87,76.56,ok,142.0,0.0
1438.6,654.5,37.5,21.88,76.48,ok,142.0,0.0
1439.5,649.9,29.9,21.87,76.39,ok,142.0,0.0
1440.5,647.8,51.4,21.88,76.53,ok,142.0,0.0
1441.5,654.2,29.1,21.86,76.49,ok,142.0,0.0
1442.4,654.0,32.4,21.87,76.59,ok,142.0,0.0
1443.4,655.2,23.1,21.87,76.52,ok,142.0,0.0
1444.4,645.5,52.0,21.86,76.72,ok,142.0,0.0
1445.4,653.5,31.1,21.88,76.74,ok,142.3,2.5
1446.4,654.3,35.8,21.88,76.68,ok,142.0,0.0
1447.3,646.3,32.0,21.89,76.78,ok,142.0,0.0
1448.3,657.5,48.4,21.87,76.95,ok,142.0,0.0
1449.3,651.8,29.6,21.89,76.97,ok,142.0,0.0
1450.3,644.2,56.3,21.89,77.22,ok,142.0,0.0
1451.3,663.7,50.3,21.88,77.14,ok,142.0,0.0
1452.2,660.4,30.5,21.89,77.22,ok,142.0,0.0
1453.2,661.1,72.2,21.90,77.16,ok,142.0,0.0
1454.2,656.9,37.9,21.88,77.09,ok,142.0,0.0
1455.2,654.5,34.6,21.87,77.14,ok,142.0,0.0
1456.2,654.8,32.3,21.88,77.35,ok,142.0,0.0
1457.1,652.0,32.5,21.89,77.25,ok,142.0,0.0
1458.1,645.6,60.1,21.87,77.17,ok,142.0,0.0
1459.1,661.6,36.8,21.89,77.24,ok,142.1,0.6
1460.1,652.1,36.7,21.88,77.48,ok,142.0,0.0
1461.1,668.8,75.2,21.89,77.67,ok,142.0,0.0
1462.1,662.5,63.3,21.88,77.90,ok,142.0,0.0
1463.1,651.0,52.5,21.90,78.01,ok,142.0,0.0
1464.7,656.3,35.0,21.87,77.89,ok,142.0,0.0
1465.7,644.5,46.9,21.86,77.69,ok,142.0,0.0
1466.7,662.9,52.2,21.87,77.62,ok,142.0,0.0
1467.7,643.2,46.9,21.88,77.73,ok,142.0,0.0
1468.6,657.8,42.3,21.85,77.56,ok,142.0,0.0
1469.6,648.5,49.9,21.85,77.30,ok,142.0,0.0
1470.6,646.6,52.6,21.85,77.17,ok,142.0,0.0
1471.5,666.1,64.6,21.87,76.97,ok,142.0,0.0
1472.5,660.5,35.1,21.86,76.76,ok,142.0,0.0
1473.4,652.0,35.8,21.85,76.63,ok,142.0,0.0
1474.4,654.2,36.9,21.83,76.50,ok,142.0,0.0
1475.4,650.4,54.4,21.84,76.21,ok,142.1,0.9
1476.4,645.2,56.3,21.83,75.92,ok,142.0,0.0
1477.4,673.3,53.4,21.82,75.71,ok,142.0,0.0
1478.3,655.3,45.9,21.85,75.56,ok,142.0,0.0
1479.3,652.8,45.6,21.83,75.39,ok,142.0,0.0
1480.3,661.8,43.7,21.81,75.23,ok,142.0,0.0
1481.3,652.9,34.6,21.81,75.01,ok,142.0,0.0
1482.3,654.8,34.9,21.82,74.86,ok,142.0,0.0
1483.2,652.4,59.9,21.81,74.65,ok,142.4,3.0
1484.2,654.4,83.8,21.81,74.52,ok,142.0,0.0
1485.2,642.1,63.6,21.80,74.49,ok,142.0,0.0
1486.2,656.5,60.4,21.81,74.37,ok,142.0,0.0
1487.2,653.4,42.3,21.80,74.25,ok,142.0,0.0
1488.2,665.3,31.1,21.83,74.28,ok,142.0,0.0
1489.1,658.3,37.1,21.81,74.18,ok,142.2,2.0
1490.1,643.9,49.9,21.82,74.31,ok,142.0,0.0
1491.1,659.5,51.2,21.81,74.22,ok,142.0,0.0
1492.1,649.2,31.7,21.80,74.06,ok,142.0,0.0
1493.1,648.2,33.7,21.79,73.96,ok,142.0,0.0
1494.1,654.9,35.7,21.78,73.82,ok,142.0,0.0
1495.1,1027.0,49.8,21.85,74.53,ok,142.0,0.0
1496.1,656.2,48.3,22.02,75.99,ok,142.0,0.0
1497.7,649.3,38.1,22.20,77.33,ok,142.6,4.5
1498.7,655.8,24.5,22.39,78.38,ok,142.0,0.0
1499.6,657.2,30.9,0.00,0.00,sem_resposta,142.0,0.0
1500.6,663.6,46.6,0.00,0.00,sem_resposta,142.0,0.0
1501.6,667.4,58.0,0.00,0.00,sem_resposta,142.0,0.0
1502.6,662.1,37.7,0.00,0.00,sem_resposta,142.0,0.0
1503.5,652.5,43.6,0.00,0.00,sem_resposta,142.0,0.0
1504.5,649.4,45.9,0.00,0.00,sem_resposta,142.0,0.0
1505.5,653.0,34.5,22.50,78.70,ok,142.0,0.0
1506.5,655.2,28.6,22.75,80.20,ok,142.0,0.0
1507.5,655.3,54.5,22.98,81.31,ok,142.0,0.0
1508.4,650.0,27.5,23.27,82.40,ok,142.0,0.0
1509.4,647.2,26.0,23.57,83.29,ok,142.0,0.0
1510.4,654.2,32.7,23.82,83.96,ok,142.0,0.0
1511.4,662.3,40.1,24.07,84.53,ok,142.0,0.0
1512.3,657.5,30.7,24.26,84.83,ok,142.0,0.0
1513.3,655.4,31.4,24.46,84.96,ok,142.0,0.0
1514.3,658.1,47.0,24.62,85.03,ok,142.0,0.0
1515.3,656.6,47.9,24.77,84.97,ok,142.6,5.1
1516.2,663.0,34.6,0.00,0.00,sem_resposta,142.0,0.0
1517.2,652.3,25.8,0.00,0.00,sem_resposta,142.0,0.0
1518.1,645.8,60.8,0.00,0.00,sem_resposta,143.4,6.6
1519.1,653.2,35.1,0.00,0.00,sem_resposta,142.0,0.0
1520.1,658.8,30.4,0.00,0.00,sem_resposta,142.0,0.4
1521.1,650.6,29.8,0.00,0.00,sem_resposta,142.2,1.2
1522.1,645.2,69.1,0.00,0.00,sem_resposta,142.0,0.4
1523.0,649.0,47.3,0.00,0.00,sem_resposta,142.0,0.0
1524.0,650.1,30.5,0.00,0.00,sem_resposta,142.0,0.0
1525.0,657.3,34.8,0.00,0.00,sem_resposta,1696.1,25.3
1526.0,647.9,43.1,0.00,0.00,sem_resposta,142.0,0.0
1527.0,654.7,27.2,0.00,0.00,sem_resposta,1695.9,19.6
1527.9,658.2,34.0,0.00,0.00,sem_resposta,1695.3,16.5
1528.9,654.3,42.5,0.00,0.00,sem_resposta,1695.6,14.5
1530.6,654.8,27.1,0.00,0.00,sem_resposta,1696.0,15.0
1531.6,649.1,43.4,0.00,0.00,sem_resposta,1696.5,33.3
1532.6,649.1,22.9,0.00,0.00,sem_resposta,1698.0,10.7
1533.6,642.8,35.6,24.96,77.15,ok,1695.3,11.1
1534.6,1152.3,32.4,24.96,76.68,ok,1698.7,16.6
1535.6,654.4,33.7,24.89,76.35,ok,1695.1,8.8
1536.6,764.2,58.0,24.78,75.88,ok,1693.2,14.0
1537.6,674.3,60.3,24.67,75.65,ok,1696.0,11.7
1538.5,750.1,34.3,24.56,75.24,ok,1695.4,14.5
1539.5,834.8,35.8,24.46,74.76,ok,1695.5,10.5
1540.5,908.2,53.7,24.37,74.24,ok,1699.7,18.2
1541.5,977.1,38.6,24.27,73.82,ok,1699.0,17.6
1542.5,1015.9,58.5,24.25,73.52,ok,1696.8,8.1
1543.4,1076.8,50.8,24.16,73.15,ok,1695.3,10.4
1544.4,1153.4,40.3,24.13,72.98,ok,1696.8,10.3
1545.4,1189.7,75.5,24.07,72.92,ok,1694.6,13.4
1546.4,676.2,57.2,24.01,72.87,ok,1697.7,13.8
1547.4,641.2,39.9,23.97,72.89,ok,1695.1,10.3
1548.3,651.1,38.4,23.94,72.96,ok,1695.3,13.8
1549.3,660.9,65.7,23.90,72.85,ok,1696.4,11.3
1550.3,651.4,64.8,23.86,72.82,ok,1693.4,13.1
1551.3,662.8,56.4,23.82,72.92,ok,1695.2,11.3
1552.3,652.5,40.5,23.78,72.91,ok,1698.1,13.5
1553.3,655.2,72.8,23.73,72.88,ok,1697.8,10.4
1554.2,652.5,62.2,23.69,72.80,ok,1699.0,21.6
1555.2,645.8,52.1,23.65,72.66,ok,1698.1,13.9
1556.2,655.1,32.8,23.63,72.69,ok,1695.8,16.4
1557.2,652.2,40.3,23.59,72.55,ok,1697.2,13.5
1558.2,652.2,34.9,23.55,72.26,ok,1695.4,9.5
1559.1,654.4,38.8,23.51,72.26,ok,1692.7,18.8
1560.1,662.3,47.1,23.48,72.22,ok,1695.4,10.9
1561.1,653.9,49.0,23.45,72.15,ok,1700.6,23.8
1562.1,661.4,43.0,23.43,72.15,ok,1695.8,10.3
1563.7,664.0,53.6,23.42,72.33,ok,1697.0,11.1
1564.7,657.0,58.4,23.39,72.38,ok,1694.3,12.4
1565.7,654.8,51.6,23.35,72.21,ok,1697.1,19.0
1566.6,658.5,47.5,23.31,72.41,ok,1695.1,16.9
1567.6,631.4,68.2,23.31,72.75,ok,1696.1,16.6
1568.6,645.9,40.7,23.27,72.96,ok,1697.8,9.6
1569.6,658.6,62.9,23.26,73.04,ok,1699.5,22.0
1570.6,659.0,54.1,23.23,72.99,ok,1693.8,13.4
1571.5,658.2,67.4,23.22,73.18,ok,1695.3,13.2
1572.5,654.4,44.1,23.17,73.07,ok,1696.4,17.7
1573.5,650.0,49.0,23.15,73.01,ok,1699.1,21.1
1574.5,660.5,65.8,23.10,73.05,ok,1695.4,12.6
1575.5,657.8,57.7,23.10,73.40,ok,1696.5,10.4
1576.4,661.8,47.7,23.09,73.48,ok,1697.5,16.8
1577.4,647.6,70.0,23.06,73.33,ok,1695.3,12.1
1578.4,646.8,48.7,23.05,73.10,ok,1696.6,14.9
1579.4,668.5,53.4,23.00,72.82,ok,1693.6,20.2
1580.4,655.7,34.1,22.96,72.53,ok,1698.6,13.3
1581.3,657.7,49.8,22.95,72.20,ok,1700.0,12.2
1582.3,643.2,53.1,22.91,72.00,ok,1696.9,12.2
1583.3,658.9,57.3,22.89,72.01,ok,1703.2,25.3
1584.3,662.9,51.7,22.86,71.94,ok,1695.5,8.4
1585.3,649.9,55.4,22.87,71.88,ok,1694.7,10.1
1586.2,659.9,49.2,22.85,71.85,ok,1697.0,10.5
1587.2,653.4,28.7,22.83,71.75,ok,1696.2,11.8
1588.2,669.4,51.6,22.83,72.04,ok,1696.0,14.9
1589.2,654.2,44.4,22.82,72.39,ok,1696.5,11.4
1590.2,659.3,55.0,22.81,72.64,ok,1700.4,14.2
1591.2,652.4,29.6,22.79,72.96,ok,1696.8,12.4
1592.1,650.7,37.2,22.78,73.31,ok,1698.1,16.7
1593.1,651.0,54.9,22.78,73.69,ok,1695.0,15.4
1594.1,658.6,40.9,22.77,73.87,ok,1699.2,19.6
1595.1,648.5,25.2,22.77,74.18,ok,1696.8,12.3
1596.7,646.6,36.7,22.81,75.06,ok,1696.9,13.0
1597.7,658.8,69.1,22.86,75.89,ok,1695.1,14.3
1598.7,647.0,33.5,22.89,76.39,ok,1696.5,12.8
1599.6,660.6,31.3,22.98,77.05,ok,1695.4,14.0
1600.6,660.0,60.4,23.02,77.11,ok,1693.5,8.3
1601.6,657.4,29.7,22.99,76.82,ok,1696.6,9.0
1602.6,651.3,69.1,22.97,76.71,ok,1693.8,12.2
1603.6,656.0,49.8,22.91,76.27,ok,1693.7,19.0
1604.5,661.1,71.1,22.90,76.29,ok,1697.1,11.1
1605.5,651.5,43.8,22.86,76.49,ok,1693.3,11.5
1606.5,659.3,49.4,22.82,76.50,ok,1696.0,12.7
1607.5,635.3,74.8,22.81,76.54,ok,1696.1,13.0
1608.5,659.6,33.1,22.79,76.40,ok,1693.7,12.3
1609.4,655.5,33.4,22.77,76.30,ok,1699.1,13.0
1610.4,655.0,54.3,22.76,75.97,ok,1692.4,12.9
1611.4,642.9,69.1,22.72,75.93,ok,1698.5,18.1
1612.4,652.6,49.0,22.71,75.93,ok,1697.4,9.3
1613.4,646.1,37.1,22.72,76.11,ok,1695.0,13.6
1614.3,666.1,47.1,22.68,76.09,ok,1694.9,16.6
1615.3,674.2,53.7,22.70,76.28,ok,1698.4,14.7
1616.3,656.9,51.4,22.68,76.29,ok,1697.4,12.0
1617.3,659.0,38.3,22.69,76.39,ok,1695.8,21.5
1618.3,650.8,51.1,22.66,76.44,ok,1694.5,18.5
1619.2,643.0,67.4,22.67,76.54,ok,1698.1,13.6
1620.2,652.5,55.3,22.65,76.57,ok,1695.1,14.2
1621.2,637.0,60.9,22.62,76.55,ok,1696.3,10.8
1622.2,651.8,58.1,22.65,76.57,ok,1696.1,10.7
1623.2,660.2,69.9,22.63,76.70,ok,1696.2,12.4
1624.1,648.9,41.1,22.62,76.66,ok,1695.1,13.5
1625.1,653.3,44.4,22.63,76.62,ok,1697.4,10.2
1626.1,651.2,46.8,22.60,76.87,ok,1694.7,13.5
1627.1,647.3,51.6,22.61,77.05,ok,1696.2,9.8
1628.7,652.2,31.2,22.61,77.05,ok,1666.3,19.7
1629.7,653.5,50.4,22.60,77.05,ok,1677.0,13.0
1630.7,647.5,42.6,22.58,77.10,ok,1674.0,17.6
1631.7,664.9,57.0,22.59,77.13,ok,1694.9,11.4
1632.6,656.8,45.6,23.09,78.89,ok,1695.8,13.7
1633.6,652.0,39.8,25.22,81.46,ok,1693.2,6.3
1634.6,647.2,57.9,26.18,81.98,ok,1694.2,11.6
1635.6,658.6,36.6,26.79,82.97,ok,1693.2,9.0
1636.6,653.5,47.9,27.21,83.83,ok,1695.2,11.5
1637.5,650.5,53.8,0.00,0.00,sem_resposta,1691.5,13.6
1638.5,656.8,43.5,26.41,82.99,ok,1693.7,13.9
1639.5,660.2,49.7,0.00,0.00,erro_crc,1696.0,11.1
1640.5,647.6,39.3,0.00,0.00,erro_crc,1694.2,21.4
1641.5,658.0,50.1,0.00,0.00,erro_crc,1691.7,14.1
1642.5,648.7,52.0,0.00,0.00,erro_crc,1695.7,9.2
1643.4,654.1,52.6,0.00,0.00,erro_crc,1694.5,14.9
1644.4,664.7,61.8,0.00,0.00,erro_crc,1690.5,11.7
1645.4,648.9,52.3,0.00,0.00,erro_crc,1696.5,12.5
1646.4,648.4,35.8,0.00,0.00,erro_crc,1695.5,8.8
1647.4,784.9,41.4,0.00,0.00,erro_crc,1691.7,12.7
1648.3,652.8,36.1,0.00,0.00,erro_crc,1691.5,11.2
1649.3,656.1,39.9,0.00,0.00,erro_crc,1693.9,11.8
1650.3,659.4,69.5,0.00,0.00,erro_crc,1695.9,15.1
1651.3,650.0,35.0,0.00,0.00,erro_crc,1693.6,11.6
1652.3,648.0,32.7,0.00,0.00,erro_crc,1696.1,10.0
1653.3,653.2,51.8,0.00,0.00,erro_crc,1696.9,11.9
1654.2,655.1,48.8,0.00,0.00,erro_crc,1697.9,11.2
1655.2,661.9,46.3,0.00,0.00,erro_crc,1695.9,10.9
1656.2,649.8,77.6,0.00,0.00,erro_crc,1697.7,14.3
1657.2,642.2,51.1,0.00,0.00,erro_crc,1693.3,9.9
1658.2,652.9,57.4,0.00,0.00,erro_crc,1695.2,12.3
1659.1,656.4,42.2,0.00,0.00,erro_crc,1696.3,8.6
1660.1,653.8,64.8,0.00,0.00,erro_crc,1698.4,11.7
1661.7,656.7,54.5,0.00,0.00,erro_crc,1697.0,16.1
1662.7,656.2,42.3,0.00,0.00,erro_crc,1696.1,13.4
1663.7,658.6,62.5,0.00,0.00,erro_crc,1694.2,12.6
1664.7,659.4,42.4,0.00,0.00,erro_crc,1694.9,13.9
1665.7,655.5,43.4,0.00,0.00,erro_crc,1695.1,11.9
1666.6,651.3,42.6,0.00,0.00,erro_crc,1700.5,8.6
1667.6,659.2,54.3,0.00,0.00,erro_crc,1695.9,20.1
1668.6,654.3,40.1,0.00,0.00,erro_crc,1696.1,12.0
1669.6,648.2,76.4,0.00,0.00,erro_crc,1696.8,8.3
1670.6,672.5,74.5,0.00,0.00,erro_crc,1697.5,16.7
1671.5,639.5,72.5,0.00,0.00,erro_crc,1697.1,13.8
1672.5,656.1,49.9,0.00,0.00,erro_crc,1694.9,11.9
1673.5,653.4,47.9,0.00,0.00,erro_crc,1694.2,15.9
1674.5,658.3,48.7,0.00,0.00,erro_crc,1696.3,10.8
1675.5,658.9,38.6,0.00,0.00,erro_crc,1696.8,7.0
1676.4,647.1,29.2,0.00,0.00,erro_crc,1695.7,6.6
1677.4,657.1,28.4,0.00,0.00,erro_crc,1696.6,7.9
1678.4,653.7,32.5,0.00,0.00,erro_crc,1695.2,6.4
1679.4,658.5,33.6,0.00,0.00,erro_crc,1696.0,7.3
1680.4,651.2,33.8,0.00,0.00,erro_crc,1697.2,8.4
1681.3,652.0,29.8,0.00,0.00,erro_crc,1697.5,7.0
1682.3,652.3,33.0,0.00,0.00,erro_crc,1696.1,7.6
1683.3,655.8,30.7,0.00,0.00,erro_crc,1695.9,7.0
1684.3,652.2,30.5,0.00,0.00,erro_crc,1694.3,6.7
1685.3,652.2,33.3,0.00,0.00,erro_crc,1697.9,8.0
1686.2,651.5,24.7,0.00,0.00,erro_crc,1694.8,7.3
1687.2,658.0,27.0,0.00,0.00,erro_crc,1694.8,6.4
1688.2,661.9,28.2,0.00,0.00,erro_crc,1694.5,6.6
1689.2,656.3,29.2,0.00,0.00,erro_crc,1696.0,7.0
1690.2,657.8,29.3,0.00,0.00,erro_crc,1696.3,7.2
1691.1,655.3,26.2,0.00,0.00,erro_crc,1695.5,6.8
1692.1,662.8,27.1,0.00,0.00,erro_crc,1696.7,6.1
1693.1,656.5,27.2,0.00,0.00,erro_crc,1696.0,6.5
1694.7,652.6,29.1,0.00,0.00,erro_crc,1696.1,7.0
1695.7,652.6,26.8,0.00,0.00,erro_crc,1695.6,6.5
1696.7,654.1,23.8,0.00,0.00,erro_crc,1695.6,7.4
1697.6,660.7,40.9,0.00,0.00,sem_resposta,1695.3,8.6
1698.6,649.7,38.1,0.00,0.00,sem_resposta,1695.4,7.3
1699.5,648.5,42.5,0.00,0.00,sem_resposta,1696.0,7.0
1700.5,661.2,42.5,0.00,0.00,sem_resposta,1694.5,6.6
1701.5,655.2,37.9,0.00,0.00,sem_resposta,1696.7,7.4
1702.5,661.8,41.0,0.00,0.00,sem_resposta,1695.2,7.6
1703.5,641.0,35.3,0.00,0.00,sem_resposta,1696.8,7.2
1704.4,657.6,38.5,0.00,0.00,sem_resposta,1695.3,7.5
1705.4,655.7,32.6,0.00,0.00,sem_resposta,1696.3,7.5
1706.4,650.9,50.7,0.00,0.00,sem_resposta,1696.4,14.5
1707.4,657.5,67.4,0.00,0.00,sem_resposta,1696.7,11.4
1708.4,651.7,49.8,0.00,0.00,sem_resposta,1692.1,18.8
1709.3,665.2,36.6,0.00,0.00,sem_resposta,1700.6,21.6
1710.3,658.6,52.5,0.00,0.00,sem_resposta,1698.0,9.2
1711.3,652.3,46.4,0.00,0.00,sem_resposta,1695.5,10.2
1712.3,651.3,70.9,0.00,0.00,sem_resposta,1696.4,8.3
1713.3,654.5,45.4,0.00,0.00,sem_resposta,1693.2,11.0
1714.2,649.2,53.7,0.00,0.00,sem_resposta,1697.1,14.9
1715.2,658.8,75.3,0.00,0.00,sem_resposta,1698.5,8.7
1716.2,650.2,46.5,0.00,0.00,sem_resposta,1696.4,8.7
1717.2,650.4,37.7,0.00,0.00,sem_resposta,1696.2,9.7
1718.2,653.7,45.3,0.00,0.00,sem_resposta,1696.0,11.3
1719.1,645.7,56.2,0.00,0.00,sem_resposta,1693.8,8.6
1720.1,654.5,53.1,0.00,0.00,sem_resposta,1696.9,16.7
1721.1,656.1,45.4,0.00,0.00,sem_resposta,1693.9,13.4
1722.1,657.5,71.8,0.00,0.00,sem_resposta,1693.1,10.5
1723.1,669.1,57.7,0.00,0.00,sem_resposta,1693.8,12.7
1724.0,657.5,59.0,0.00,0.00,sem_resposta,1696.5,12.4
1725.0,661.0,54.2,0.00,0.00,sem_resposta,1694.8,13.9
1726.0,656.4,38.6,0.00,0.00,sem_resposta,1694.4,8.5
1727.6,647.1,41.6,0.00,0.00,sem_resposta,1697.8,9.0
1728.6,646.6,38.9,0.00,0.00,sem_resposta,1696.2,19.0
1729.6,646.5,60.8,0.00,0.00,sem_resposta,1696.2,8.3
1730.6,648.1,60.2,0.00,0.00,sem_resposta,1697.5,9.6
1731.6,655.7,48.1,0.00,0.00,sem_resposta,1695.9,13.3
1732.5,651.6,38.2,0.00,0.00,sem_resposta,1697.2,15.3
1733.5,661.4,59.3,0.00,0.00,sem_resposta,1695.0,14.2
1734.5,656.3,61.1,0.00,0.00,sem_resposta,1694.0,9.2
1735.5,654.3,45.5,0.00,0.00,sem_resposta,1693.1,14.1
1736.5,666.0,49.3,0.00,0.00,sem_resposta,1695.2,10.0
1737.4,655.4,51.0,0.00,0.00,sem_resposta,1694.2,11.8
1738.4,658.0,42.8,0.00,0.00,sem_resposta,1694.0,11.1
1739.4,655.3,43.2,0.00,0.00,sem_resposta,1695.3,9.1
1740.4,659.6,59.3,0.00,0.00,sem_resposta,1695.9,12.6
1741.4,658.1,43.1,0.00,0.00,sem_resposta,1699.4,19.1
1742.3,645.4,83.5,0.00,0.00,sem_resposta,1694.9,11.2
1743.3,660.5,66.7,0.00,0.00,sem_resposta,1695.5,13.4
1744.3,651.5,38.4,0.00,0.00,sem_resposta,1696.3,10.2
1745.3,653.0,57.6,0.00,0.00,sem_resposta,1697.8,13.4
1746.3,663.6,48.0,0.00,0.00,sem_resposta,1698.8,7.7
1747.2,658.0,91.8,0.00,0.00,sem_resposta,1694.5,14.0
1748.2,658.0,59.3,0.00,0.00,sem_resposta,1697.9,16.7
1749.2,646.5,49.8,0.00,0.00,sem_resposta,1694.8,14.6
1750.2,654.7,72.2,0.00,0.00,sem_resposta,1699.5,13.7
1751.2,650.0,43.4,0.00,0.00,sem_resposta,1695.5,12.7
1752.1,653.3,57.9,0.00,0.00,sem_resposta,1696.5,9.4
1753.1,652.5,39.7,0.00,0.00,sem_resposta,1696.1,11.7
1754.1,651.9,52.0,0.00,0.00,sem_resposta,1694.5,11.0
1755.1,652.3,54.6,0.00,0.00,sem_resposta,1696.0,11.2
1756.1,650.2,48.0,0.00,0.00,sem_resposta,1695.6,10.9
1757.0,658.3,59.8,0.00,0.00,sem_resposta,1696.3,11.2
1758.0,661.3,51.7,0.00,0.00,sem_resposta,1697.0,10.4
1759.0,669.2,56.0,0.00,0.00,sem_resposta,1694.4,10.1
1760.6,647.7,46.1,0.00,0.00,sem_resposta,1694.8,8.6
1761.6,650.6,37.0,0.00,0.00,sem_resposta,1697.1,7.3
1762.6,663.3,37.2,0.00,0.00,sem_resposta,1695.7,7.6
1763.6,651.5,36.5,0.00,0.00,sem_resposta,1695.3,7.9
1764.6,652.6,35.8,0.00,0.00,sem_resposta,1694.6,7.4
1765.5,652.3,34.8,0.00,0.00,sem_resposta,1695.3,6.6
1766.5,657.4,34.2,0.00,0.00,sem_resposta,1695.5,7.5
1767.5,647.6,37.4,0.00,0.00,sem_resposta,1696.4,7.1
1768.5,654.5,35.8,0.00,0.00,sem_resposta,1696.4,6.4
1769.5,653.6,38.9,0.00,0.00,sem_resposta,1695.3,6.4
1770.4,656.4,40.6,0.00,0.00,sem_resposta,1696.4,7.9
1771.4,658.7,43.5,0.00,0.00,sem_resposta,1695.7,6.6
1772.4,651.3,36.7,0.00,0.00,sem_resposta,1696.9,6.6
1773.4,657.1,36.2,0.00,0.00,sem_resposta,1695.8,8.5
1774.4,662.4,35.2,0.00,0.00,sem_resposta,1697.7,7.2
1775.3,646.3,36.3,0.00,0.00,sem_resposta,1695.9,6.7
1776.3,645.8,32.2,0.00,0.00,sem_resposta,1695.2,7.3
1777.3,644.0,29.5,0.00,0.00,sem_resposta,1694.9,7.8
1778.3,649.9,31.8,0.00,0.00,sem_resposta,1695.3,7.5
1779.3,656.0,25.0,0.00,0.00,sem_resposta,1695.9,7.6
1780.2,650.8,26.6,0.00,0.00,sem_resposta,1696.9,44.9
1781.2,650.9,32.2,0.00,0.00,sem_resposta,3134.0,0.0
1782.2,656.2,31.7,0.00,0.00,sem_resposta,3134.0,0.0
1783.3,650.5,24.4,22.13,74.71,ok,3134.0,0.0
1784.2,663.7,27.2,22.25,75.65,ok,3134.0,0.0
1785.2,656.8,26.5,22.49,76.37,ok,3134.0,0.0
1786.2,643.3,28.7,22.67,76.35,ok,2956.2,46.1
1787.2,652.1,28.7,22.86,76.33,ok,2841.8,51.5
1788.2,653.9,32.3,23.05,76.33,ok,3085.1,13.8
1789.1,654.5,27.0,23.26,76.66,ok,3071.8,10.8
1790.1,649.7,27.8,23.41,77.01,ok,142.0,0.0
1791.1,655.7,27.1,23.57,77.36,ok,142.0,0.0
1792.1,656.3,31.5,23.73,77.62,ok,142.0,0.0
1793.7,651.2,26.7,23.79,77.22,ok,142.0,0.0
1794.7,655.1,31.3,23.76,76.77,ok,142.0,0.0
1795.7,654.2,24.5,23.70,76.29,ok,142.0,0.0
1796.6,657.8,23.8,23.61,75.86,ok,142.0,0.0
1797.6,655.8,24.2,23.54,75.90,ok,142.0,0.0
1798.6,656.8,20.9,23.47,75.91,ok,142.0,0.0
1799.6,661.7,21.3,23.41,75.52,ok,142.0,0.0
1800.6,653.7,23.2,23.36,75.62,ok,142.0,0.1
1801.5,662.3,22.3,23.33,75.79,ok,142.0,0.0
1802.5,655.4,22.9,23.28,75.91,ok,142.0,0.0
1803.5,657.4,23.3,23.25,76.04,ok,142.0,0.0
1804.5,657.3,23.7,23.24,76.47,ok,142.0,0.0
1805.5,651.7,26.7,23.23,76.80,ok,142.0,0.0
1806.4,1487.6,26.6,23.19,77.08,ok,149.1,12.0
1807.4,789.7,29.2,23.17,77.25,ok,142.0,0.2
1808.4,1031.5,26.7,23.13,77.49,ok,142.2,1.4
1809.4,1774.2,30.0,23.17,77.89,ok,146.6,9.1
1810.4,774.4,26.4,23.16,77.98,ok,142.0,0.0
1811.4,660.3,25.7,23.14,77.92,ok,142.0,0.0
1812.3,653.4,20.1,23.13,77.87,ok,2724.3,62.3
1813.3,654.9,21.4,23.10,77.96,ok,3134.0,0.0
1814.3,653.0,26.8,23.08,78.02,ok,3134.0,0.0
1815.3,655.3,27.7,23.05,77.95,ok,3129.8,12.6
1816.3,659.0,22.3,23.03,78.11,ok,3134.0,0.0
1817.2,661.4,28.0,23.20,79.34,ok,3134.0,0.0
1818.2,649.8,28.6,23.40,80.22,ok,3134.0,0.0
1819.2,655.0,24.8,23.48,80.74,ok,2977.9,44.5
1820.2,657.5,21.1,23.50,80.94,ok,3134.0,0.0
1821.2,652.6,19.5,23.48,80.75,ok,3134.0,0.0
1822.1,652.4,21.4,23.40,80.14,ok,3134.0,0.0
1823.1,658.7,21.3,23.38,79.82,ok,3134.0,0.0
1824.1,656.6,24.3,23.87,82.18,ok,2817.6,21.7
1825.1,653.2,22.3,25.00,86.02,ok,2825.5,21.9
1826.7,659.2,26.1,25.79,85.50,ok,2838.6,18.8
1827.7,651.5,30.6,26.38,85.49,ok,2860.8,14.8
1828.7,659.3,28.0,26.80,86.25,ok,2828.8,18.0
1829.6,656.6,26.1,27.12,86.86,ok,2905.0,19.4
1830.6,651.9,30.0,27.02,87.69,ok,2942.7,18.3
1831.6,651.9,29.3,27.03,88.60,ok,1691.6,6.6
1832.6,654.7,27.5,27.37,89.19,ok,1691.2,7.0
1833.6,652.4,30.3,27.65,89.56,ok,1690.4,7.5
1834.5,655.3,27.2,27.83,89.96,ok,1693.1,7.7
1835.5,648.4,28.1,27.95,90.23,ok,1689.9,6.9
1836.5,650.2,27.8,28.09,90.42,ok,1689.5,6.6
1837.5,654.3,25.9,28.45,90.58,ok,1689.5,8.4
1838.5,985.9,33.2,28.60,90.63,ok,1689.3,7.3
1839.4,656.8,27.9,0.00,0.00,sem_resposta,1689.1,7.6
1840.4,654.1,30.4,0.00,0.00,sem_resposta,1689.5,7.7
1841.3,652.5,29.6,0.00,0.00,sem_resposta,1690.3,7.1
1842.3,654.6,32.1,0.00,0.00,sem_resposta,1690.0,9.1
1843.3,660.3,29.0,0.00,0.00,sem_resposta,1689.5,8.0
1844.3,652.8,31.8,0.00,0.00,sem_resposta,1689.9,7.1
1845.3,633.2,90.5,0.00,0.00,sem_resposta,1689.4,12.8
1846.2,669.0,47.8,0.00,0.00,sem_resposta,1692.3,13.2
1847.2,653.1,31.1,0.00,0.00,sem_resposta,1692.0,10.5
1848.2,654.5,60.8,0.00,0.00,sem_resposta,1691.8,12.1
1849.2,659.9,40.0,0.00,0.00,sem_resposta,1689.5,13.5
1850.2,655.9,34.2,0.00,0.00,sem_resposta,1693.8,20.5
1851.1,659.8,34.3,0.00,0.00,sem_resposta,1695.0,18.1
1852.1,661.2,50.2,0.00,0.00,sem_resposta,1689.9,13.5
1853.1,651.7,50.4,0.00,0.00,sem_resposta,1689.5,16.7
1854.1,664.5,51.9,0.00,0.00,sem_resposta,1689.4,11.8
1855.1,653.8,35.1,0.00,0.00,sem_resposta,1691.0,10.4
1856.0,649.3,48.5,0.00,0.00,sem_resposta,1694.3,16.7
1857.0,657.8,20.5,0.00,0.00,sem_resposta,1689.8,10.8
1858.0,639.5,57.6,0.00,0.00,sem_resposta,1691.6,10.1
1859.6,645.6,54.9,0.00,0.00,sem_resposta,1690.8,10.6
1860.6,647.8,40.3,0.00,0.00,sem_resposta,1688.6,7.0
1861.6,658.9,29.0,0.00,0.00,sem_resposta,1693.1,9.8
1862.6,657.1,39.1,0.00,0.00,sem_resposta,1687.9,15.5
1863.6,661.1,37.4,0.00,0.00,sem_resposta,1690.3,17.3
1864.5,656.2,67.4,0.00,0.00,sem_resposta,1692.0,13.2
1865.5,665.1,40.2,0.00,0.00,sem_resposta,1692.0,10.9
1866.5,650.5,46.8,0.00,0.00,sem_resposta,1690.9,14.8
1867.5,655.6,37.2,0.00,0.00,sem_resposta,1690.8,10.4
1868.5,659.8,41.1,0.00,0.00,sem_resposta,1689.5,13.0
1869.4,651.6,24.8,0.00,0.00,sem_resposta,1689.8,11.5
1870.4,637.8,56.6,0.00,0.00,sem_resposta,1688.6,21.2
1871.4,649.1,37.8,0.00,0.00,sem_resposta,1692.7,16.0
1872.4,651.6,31.6,0.00,0.00,sem_resposta,1690.1,10.5
1873.4,646.8,47.0,0.00,0.00,sem_resposta,1689.3,13.4
1874.3,652.6,42.0,0.00,0.00,sem_resposta,1689.0,16.9
1875.3,657.1,51.4,0.00,0.00,sem_resposta,1692.1,14.2
1876.3,648.8,49.3,0.00,0.00,sem_resposta,1693.9,15.1
1877.3,655.4,24.5,0.00,0.00,sem_resposta,1692.7,8.6
1878.3,656.3,35.7,0.00,0.00,sem_resposta,1689.0,18.1
1879.2,645.2,49.3,0.00,0.00,sem_resposta,1692.9,8.0
1880.2,659.0,41.7,0.00,0.00,sem_resposta,1691.8,9.7
1881.2,658.2,46.2,0.00,0.00,sem_resposta,1690.8,10.3
1882.2,650.7,39.5,0.00,0.00,sem_resposta,1690.6,8.5
1883.2,654.8,97.1,0.00,0.00,sem_resposta,1692.8,7.6
1884.1,657.0,52.7,0.00,0.00,sem_resposta,1690.5,12.6
1885.1,657.5,45.0,0.00,0.00,sem_resposta,1689.0,15.5
1886.1,650.4,70.5,0.00,0.00,sem_resposta,1692.4,12.1
1887.1,643.0,47.2,0.00,0.00,sem_resposta,1692.0,11.0
1888.1,657.9,49.6,0.00,0.00,sem_resposta,1692.1,8.7
1889.0,654.7,37.2,0.00,0.00,sem_resposta,1690.7,9.2
1890.0,658.5,27.9,0.00,0.00,sem_resposta,1689.1,14.4
1891.0,659.9,43.0,0.00,0.00,sem_resposta,1691.7,9.6
1892.6,654.1,32.1,0.00,0.00,sem_resposta,1693.1,9.8
1893.6,636.2,79.4,0.00,0.00,sem_resposta,1692.7,9.4
1894.6,652.8,38.5,0.00,0.00,sem_resposta,1690.2,13.5
1895.6,657.0,53.4,0.00,0.00,sem_resposta,1691.3,11.3
1896.5,648.5,62.8,0.00,0.00,sem_resposta,1690.8,12.9
1897.5,641.2,47.4,0.00,0.00,sem_resposta,1692.0,10.5
1898.5,656.7,46.1,0.00,0.00,sem_resposta,1690.9,13.4
1899.5,657.1,37.2,0.00,0.00,sem_resposta,1688.3,15.2
1900.5,661.0,42.5,0.00,0.00,sem_resposta,1691.9,18.2
1901.4,646.4,57.4,0.00,0.00,sem_resposta,1691.6,12.5
1902.4,661.1,33.7,0.00,0.00,sem_resposta,1691.4,8.4
1903.4,657.6,33.0,0.00,0.00,sem_resposta,1690.9,12.1
1904.4,646.2,45.9,0.00,0.00,sem_resposta,1692.0,8.3
1905.4,656.9,63.2,0.00,0.00,sem_resposta,1689.8,10.6
1906.3,663.5,68.7,0.00,0.00,sem_resposta,1691.0,17.4
1907.3,654.6,37.1,0.00,0.00,sem_resposta,1692.8,9.6
1908.3,651.6,39.0,0.00,0.00,sem_resposta,1692.4,13.5
1909.3,658.2,38.9,0.00,0.00,sem_resposta,1691.0,10.0
1910.3,656.5,56.1,0.00,0.00,sem_resposta,1688.9,10.3
1911.2,647.8,62.9,0.00,0.00,sem_resposta,1692.1,12.4
1912.2,649.4,54.2,0.00,0.00,sem_resposta,1689.0,10.1
1913.2,659.9,52.0,0.00,0.00,sem_resposta,1690.4,10.0
1914.2,657.2,41.5,0.00,0.00,sem_resposta,1694.1,16.0
1915.2,662.9,41.2,0.00,0.00,sem_resposta,1692.2,16.3
1916.1,653.0,44.7,0.00,0.00,sem_resposta,1691.8,7.8
1917.1,659.9,47.5,0.00,0.00,sem_resposta,1692.2,13.0
1918.1,653.4,52.6,0.00,0.00,sem_resposta,1689.7,13.6
1919.1,663.4,40.4,0.00,0.00,sem_resposta,1692.5,12.3
1920.1,648.6,53.7,0.00,0.00,sem_resposta,1688.0,13.3
1921.1,658.2,30.8,0.00,0.00,sem_resposta,1691.8,12.1
1922.0,654.2,57.9,0.00,0.00,sem_resposta,1694.4,15.6
1923.0,650.5,32.5,0.00,0.00,sem_resposta,1690.6,7.7
1924.0,660.5,35.4,0.00,0.00,sem_resposta,1692.2,10.3
1925.6,653.4,36.7,0.00,0.00,sem_resposta,1691.4,9.4
1926.6,663.0,62.5,0.00,0.00,sem_resposta,1689.6,10.9
1927.6,658.0,37.9,0.00,0.00,sem_resposta,1690.9,7.9
1928.6,646.5,43.6,0.00,0.00,sem_resposta,1690.1,7.9
1929.6,664.8,87.9,0.00,0.00,sem_resposta,1690.4,12.7
1930.5,656.7,64.7,0.00,0.00,sem_resposta,1690.7,7.9
1931.5,657.5,33.2,0.00,0.00,sem_resposta,1692.2,14.1
1932.5,655.8,40.2,0.00,0.00,sem_resposta,1692.9,9.1
1933.5,662.3,71.5,0.00,0.00,sem_resposta,1689.6,21.2
1934.4,657.1,43.1,0.00,0.00,sem_resposta,1692.7,13.9
1935.4,656.6,29.3,0.00,0.00,sem_resposta,1690.7,9.6
1936.4,647.2,57.3,0.00,0.00,sem_resposta,1693.2,17.0
1937.4,652.5,26.6,0.00,0.00,sem_resposta,1692.9,10.7
1938.4,654.2,36.7,0.00,0.00,sem_resposta,1690.1,13.3
1939.3,658.4,23.9,0.00,0.00,sem_resposta,1691.2,9.9
1940.3,649.8,66.8,0.00,0.00,sem_resposta,1691.3,9.9
1941.3,653.2,20.4,0.00,0.00,sem_resposta,1691.5,8.9
1942.3,654.8,34.5,0.00,0.00,sem_resposta,1693.4,10.7
1943.2,661.7,72.0,0.00,0.00,sem_resposta,1691.0,16.1
1944.2,648.4,37.9,0.00,0.00,sem_resposta,1691.6,8.2
1945.2,662.3,38.3,0.00,0.00,sem_resposta,1690.6,12.5
1946.2,666.5,65.2,0.00,0.00,sem_resposta,1694.1,14.7
1947.1,658.7,45.6,0.00,0.00,sem_resposta,1693.7,16.5
1948.1,660.4,45.3,0.00,0.00,sem_resposta,1690.5,17.9
1949.1,650.7,57.0,0.00,0.00,sem_resposta,1690.3,13.2
1950.1,664.6,49.8,0.00,0.00,sem_resposta,1692.2,10.0
1951.0,651.4,49.6,0.00,0.00,sem_resposta,1693.3,14.0
1952.0,652.1,39.1,0.00,0.00,sem_resposta,1690.7,8.9
1953.0,660.6,44.5,0.00,0.00,sem_resposta,1694.4,20.0
1954.0,659.8,34.4,0.00,0.00,sem_resposta,1690.6,12.7
1955.0,658.6,97.9,0.00,0.00,sem_resposta,1689.7,10.9
1956.0,652.7,41.6,0.00,0.00,sem_resposta,1691.4,11.3
1957.0,669.1,61.4,0.00,0.00,sem_resposta,1692.0,11.7
1958.6,660.3,51.5,0.00,0.00,sem_resposta,1694.6,13.2
1959.6,659.5,48.2,0.00,0.00,sem_resposta,1695.0,11.3
1960.6,660.1,30.5,0.00,0.00,sem_resposta,1693.0,9.6
1961.6,654.7,28.8,0.00,0.00,sem_resposta,1689.9,9.8
1962.6,650.4,36.6,0.00,0.00,sem_resposta,1691.0,13.4
1963.5,648.5,43.6,0.00,0.00,sem_resposta,1690.8,15.4
1964.5,648.5,43.3,0.00,0.00,sem_resposta,1692.2,10.1
1965.5,645.7,65.1,0.00,0.00,sem_resposta,1690.9,10.2
1966.5,660.3,36.0,0.00,0.00,sem_resposta,1691.0,20.1
1967.5,652.8,34.5,0.00,0.00,sem_resposta,1689.1,14.6
1968.5,654.7,60.1,0.00,0.00,sem_resposta,1692.4,11.9
1969.4,656.7,35.0,0.00,0.00,sem_resposta,1691.1,14.3
1970.4,659.1,59.5,0.00,0.00,sem_resposta,1691.4,12.4
1971.4,649.7,53.0,0.00,0.00,sem_resposta,1689.0,11.4
1972.4,654.2,41.0,0.00,0.00,sem_resposta,1692.7,8.4
1973.4,651.1,64.5,0.00,0.00,sem_resposta,1690.9,11.0
1974.3,644.9,47.6,0.00,0.00,sem_resposta,1691.7,15.2
1975.3,651.7,38.7,0.00,0.00,sem_resposta,1690.6,12.4
1976.3,655.2,24.8,0.00,0.00,sem_resposta,1690.3,8.1
1977.3,642.8,67.7,0.00,0.00,sem_resposta,1691.6,13.4
1978.3,653.4,25.6,0.00,0.00,sem_resposta,1689.2,13.5
1979.2,656.0,35.2,0.00,0.00,sem_resposta,1691.5,10.7
1980.2,650.7,28.6,0.00,0.00,sem_resposta,1692.6,12.4
1981.2,652.8,29.8,0.00,0.00,sem_resposta,1691.4,7.3
1982.2,654.3,43.0,0.00,0.00,sem_resposta,1692.6,8.6
1983.2,659.6,30.0,0.00,0.00,sem_resposta,1689.1,14.2
1984.1,651.2,53.0,0.00,0.00,sem_resposta,1692.8,18.5
1985.1,657.0,45.7,0.00,0.00,sem_resposta,1691.2,8.5
1986.1,651.9,30.1,0.00,0.00,sem_resposta,1690.5,9.7
1987.1,657.0,53.9,0.00,0.00,sem_resposta,1689.7,11.1
1988.1,658.7,28.1,0.00,0.00,sem_resposta,1691.5,16.7
1989.0,650.6,43.3,0.00,0.00,sem_resposta,1693.0,10.2
1990.6,654.8,35.3,0.00,0.00,sem_resposta,1694.5,11.1
1991.6,653.7,43.9,0.00,0.00,sem_resposta,1694.4,13.4
1992.6,658.2,38.9,0.00,0.00,sem_resposta,1691.6,11.6
1993.6,659.8,31.8,0.00,0.00,sem_resposta,1692.0,11.3
1994.6,657.9,41.3,0.00,0.00,sem_resposta,1693.5,11.0
1995.5,669.8,54.3,0.00,0.00,sem_resposta,1690.7,8.2
1996.5,663.6,49.6,0.00,0.00,sem_resposta,1694.5,9.2
1997.5,669.2,60.6,0.00,0.00,sem_resposta,1690.2,13.5
1998.5,654.0,24.0,0.00,0.00,sem_resposta,1692.5,9.5
1999.5,651.4,28.4,0.00,0.00,sem_resposta,1692.9,10.8
2000.4,644.5,43.6,0.00,0.00,sem_resposta,1688.6,10.7
2001.4,659.1,26.4,0.00,0.00,sem_resposta,1697.6,11.8
2002.4,650.9,26.2,0.00,0.00,sem_resposta,1692.0,8.0
2003.4,654.0,54.9,0.00,0.00,sem_resposta,1688.9,15.8
2004.4,659.6,40.5,0.00,0.00,sem_resposta,1690.7,18.0
2005.3,656.2,40.8,0.00,0.00,sem_resposta,1690.8,15.4
2006.3,655.5,67.4,0.00,0.00,sem_resposta,1689.5,8.5
2007.3,655.8,31.1,0.00,0.00,sem_resposta,1689.8,13.8
2008.3,646.8,68.4,0.00,0.00,sem_resposta,1692.9,13.9
2009.3,654.2,55.2,0.00,0.00,sem_resposta,1691.1,10.4
2010.2,649.7,27.1,0.00,0.00,sem_resposta,1690.6,13.7
2011.2,668.7,64.4,0.00,0.00,sem_resposta,1694.6,11.7
2012.2,655.3,35.7,0.00,0.00,sem_resposta,1691.5,8.0
2013.2,655.7,33.2,0.00,0.00,sem_resposta,1691.0,20.8
2014.2,643.4,64.4,0.00,0.00,sem_resposta,1694.6,12.3
2015.1,643.0,55.5,0.00,0.00,sem_resposta,1693.1,10.6
2016.1,654.3,26.0,0.00,0.00,sem_resposta,1691.1,17.8
2017.1,661.9,79.3,0.00,0.00,sem_resposta,1690.5,11.3
2018.1,660.1,44.6,0.00,0.00,sem_resposta,1692.7,19.6
2019.1,651.1,29.2,0.00,0.00,sem_resposta,1690.9,9.2
2020.0,654.5,34.2,0.00,0.00,sem_resposta,1692.0,10.4
2021.0,650.7,48.9,0.00,0.00,sem_resposta,1691.8,9.8
2022.0,657.4,31.8,0.00,0.00,sem_resposta,1689.8,7.8
2023.6,660.5,53.1,0.00,0.00,sem_resposta,1692.5,8.4
2024.6,654.9,63.9,0.00,0.00,sem_resposta,1690.1,9.6
2025.6,656.5,55.1,0.00,0.00,sem_resposta,1689.8,12.1
2026.6,652.4,26.9,0.00,0.00,sem_resposta,1691.2,15.7
2027.6,655.4,39.8,0.00,0.00,sem_resposta,1690.2,10.5
2028.5,658.6,60.6,0.00,0.00,sem_resposta,1690.8,17.4
2029.5,654.8,63.7,0.00,0.00,sem_resposta,1691.1,10.3
2030.5,654.2,45.7,0.00,0.00,sem_resposta,1692.1,8.4
2031.5,666.9,39.9,0.00,0.00,sem_resposta,1690.3,8.5
2032.5,659.6,37.5,0.00,0.00,sem_resposta,1693.8,9.6
2033.4,642.6,52.4,0.00,0.00,sem_resposta,1690.7,11.5
2034.4,652.3,47.3,0.00,0.00,sem_resposta,1692.3,12.0
2035.4,655.5,25.1,0.00,0.00,sem_resposta,1693.0,10.5
2036.4,656.2,33.4,0.00,0.00,sem_resposta,1692.7,8.4
2037.4,659.7,47.1,0.00,0.00,sem_resposta,1689.0,16.7
2038.3,648.1,46.6,0.00,0.00,sem_resposta,1692.8,13.9
2039.3,653.0,53.2,0.00,0.00,sem_resposta,1692.1,11.2
2040.3,650.7,33.1,0.00,0.00,sem_resposta,1688.9,9.0
2041.3,652.9,32.1,0.00,0.00,sem_resposta,1694.2,12.3
2042.3,661.0,45.0,0.00,0.00,sem_resposta,1694.6,14.0
2043.2,655.5,33.0,0.00,0.00,sem_resposta,1691.5,8.9
2044.2,660.4,43.8,0.00,0.00,sem_resposta,1688.2,12.9
2045.2,665.1,47.4,0.00,0.00,sem_resposta,1692.1,14.5
2046.2,652.7,24.6,0.00,0.00,sem_resposta,1691.6,13.8
2047.2,664.0,53.1,0.00,0.00,sem_resposta,1688.7,17.2
2048.1,647.3,45.5,0.00,0.00,sem_resposta,1693.2,11.8
2049.1,650.6,35.5,0.00,0.00,sem_resposta,1690.5,12.0
2050.1,649.6,42.4,0.00,0.00,sem_resposta,1693.1,13.5
2051.1,654.1,52.2,0.00,0.00,sem_resposta,1689.0,11.3
2052.1,657.8,30.9,0.00,0.00,sem_resposta,1691.0,7.9
2053.0,661.4,35.5,0.00,0.00,sem_resposta,1693.6,13.6
2054.0,662.2,66.6,0.00,0.00,sem_resposta,1692.5,12.6
2055.0,655.1,27.3,0.00,0.00,sem_resposta,1691.4,12.9
2056.6,653.2,69.7,0.00,0.00,sem_resposta,1693.0,8.0
2057.6,650.5,26.5,0.00,0.00,sem_resposta,1692.1,7.8
2058.6,657.1,31.1,0.00,0.00,sem_resposta,1686.2,19.6
2059.6,650.2,46.0,0.00,0.00,sem_resposta,1691.2,11.7
2060.6,644.3,61.3,0.00,0.00,sem_resposta,1693.2,12.3
2061.5,653.1,35.8,0.00,0.00,sem_resposta,1691.1,8.7
2062.5,658.2,46.6,0.00,0.00,sem_resposta,1692.7,12.6
2063.5,650.6,42.5,0.00,0.00,sem_resposta,1692.3,14.4
2064.5,642.5,43.1,0.00,0.00,sem_resposta,1690.5,15.4
2065.5,649.4,32.4,0.00,0.00,sem_resposta,1693.8,13.3
2066.4,651.3,26.0,0.00,0.00,sem_resposta,1693.8,13.6
2067.4,651.1,49.0,0.00,0.00,sem_resposta,1692.7,11.5
2068.4,650.2,44.5,0.00,0.00,sem_resposta,1692.3,9.4
2069.4,639.8,83.6,0.00,0.00,sem_resposta,1688.7,17.0
2070.4,648.3,71.9,0.00,0.00,sem_resposta,1691.3,12.9
2071.3,653.6,28.5,0.00,0.00,sem_resposta,1688.0,11.2
2072.3,652.6,48.2,0.00,0.00,sem_resposta,1692.1,11.7
2073.3,647.8,46.2,0.00,0.00,sem_resposta,1689.2,12.1
2074.3,655.5,26.1,0.00,0.00,sem_resposta,1690.0,13.4
2075.3,654.0,59.3,0.00,0.00,sem_resposta,1692.9,7.2
2076.2,657.7,61.5,0.00,0.00,sem_resposta,1691.0,7.9
2077.2,655.8,46.2,0.00,0.00,sem_resposta,1691.3,6.8
2078.2,657.0,40.5,0.00,0.00,sem_resposta,1692.2,13.7
2079.2,663.6,39.2,0.00,0.00,sem_resposta,1691.9,14.1
2080.2,654.5,33.3,0.00,0.00,sem_resposta,1691.0,15.1
2081.1,661.8,56.4,0.00,0.00,sem_resposta,1690.9,13.5
2082.1,666.6,54.1,0.00,0.00,sem_resposta,1692.3,16.7
2083.1,657.2,41.9,0.00,0.00,sem_resposta,1691.1,16.5
2084.1,655.2,42.3,0.00,0.00,sem_resposta,1691.1,13.3
2085.1,646.4,50.2,0.00,0.00,sem_resposta,1692.5,12.4
2086.0,656.6,34.6,0.00,0.00,sem_resposta,1692.3,14.0
2087.0,659.6,37.0,0.00,0.00,sem_resposta,1690.4,13.7
2088.0,647.5,43.7,0.00,0.00,sem_resposta,1692.2,7.5
2089.6,659.1,45.7,0.00,0.00,sem_resposta,1692.9,12.9
2090.6,650.8,35.4,0.00,0.00,sem_resposta,1692.9,11.9
2091.6,651.9,41.3,0.00,0.00,sem_resposta,1692.7,13.7
2092.6,655.7,32.4,0.00,0.00,sem_resposta,1691.4,13.0
2093.6,666.0,48.0,0.00,0.00,sem_resposta,1692.5,10.7
2094.5,651.8,35.0,0.00,0.00,sem_resposta,1688.3,17.3
2095.5,654.7,58.4,0.00,0.00,sem_resposta,1690.7,13.4
2096.5,661.0,33.8,0.00,0.00,sem_resposta,1693.2,9.6
2097.5,652.0,25.5,0.00,0.00,sem_resposta,1692.8,13.3
2098.5,660.8,30.1,0.00,0.00,sem_resposta,1694.5,9.3
2099.4,661.3,33.5,0.00,0.00,sem_resposta,1690.2,8.9
2100.4,656.5,45.9,0.00,0.00,sem_resposta,1688.6,8.7
2101.4,653.3,45.6,0.00,0.00,sem_resposta,1691.5,12.1
2102.4,647.0,64.9,0.00,0.00,sem_resposta,1693.2,9.2
2103.4,658.1,27.6,0.00,0.00,sem_resposta,1692.2,9.9
2104.3,653.2,34.1,0.00,0.00,sem_resposta,1690.1,8.4
2105.3,654.4,33.5,0.00,0.00,sem_resposta,1691.9,7.4
2106.3,640.7,49.7,0.00,0.00,sem_resposta,1694.1,9.6
2107.3,653.2,31.1,0.00,0.00,sem_resposta,1691.8,7.2
2108.3,657.5,36.7,0.00,0.00,sem_resposta,1691.3,9.8
2109.2,648.2,31.8,0.00,0.00,sem_resposta,1689.7,17.5
2110.2,654.0,27.2,0.00,0.00,sem_resposta,1694.8,12.6
2111.2,661.8,45.5,0.00,0.00,sem_resposta,1687.9,25.5
2112.2,655.8,28.0,0.00,0.00,sem_resposta,1693.5,12.8
2113.2,650.9,59.4,0.00,0.00,sem_resposta,1690.6,10.1
2114.1,656.8,28.2,0.00,0.00,sem_resposta,1696.4,16.9
2115.1,656.7,26.4,0.00,0.00,sem_resposta,1691.2,11.9
2116.1,654.3,56.7,0.00,0.00,sem_resposta,1693.4,16.5
2117.1,656.6,32.6,0.00,0.00,sem_resposta,1691.5,12.7
2118.1,659.8,41.5,0.00,0.00,sem_resposta,1690.6,9.4
2119.0,659.0,50.8,0.00,0.00,sem_resposta,1691.4,12.6
2120.0,655.9,34.8,0.00,0.00,sem_resposta,1693.0,17.5
2121.0,644.0,41.5,0.00,0.00,sem_resposta,1691.4,6.8
2122.6,656.9,50.3,0.00,0.00,sem_resposta,1691.8,11.6
2123.6,654.7,27.0,0.00,0.00,sem_resposta,1690.9,6.8
2124.6,655.2,26.0,0.00,0.00,sem_resposta,1692.8,6.3
2125.6,655.4,23.3,0.00,0.00,sem_resposta,1689.7,13.6
2126.6,656.4,26.0,0.00,0.00,sem_resposta,1695.4,9.6
2127.5,644.3,100.8,0.00,0.00,sem_resposta,1692.2,5.9
2128.5,657.5,77.2,0.00,0.00,sem_resposta,1694.3,16.0
2129.5,653.4,52.2,0.00,0.00,sem_resposta,1692.1,24.2
2130.5,649.8,60.3,0.00,0.00,sem_resposta,1690.4,11.3
2131.5,648.1,49.5,0.00,0.00,sem_resposta,1691.4,10.6
2132.5,664.3,33.9,0.00,0.00,sem_resposta,1688.1,17.3
2133.4,645.2,62.3,0.00,0.00,sem_resposta,1694.3,11.0
2134.4,658.7,29.0,0.00,0.00,sem_resposta,1694.5,15.8
2135.4,655.9,30.0,0.00,0.00,sem_resposta,1693.7,14.8
2136.4,653.3,36.4,0.00,0.00,sem_resposta,1690.7,15.8
2137.3,657.8,28.6,0.00,0.00,sem_resposta,1692.5,17.6
2138.3,655.6,38.1,0.00,0.00,sem_resposta,1690.9,9.4
2139.3,653.1,22.0,0.00,0.00,sem_resposta,1694.4,15.4
2140.3,655.8,44.8,0.00,0.00,sem_resposta,1692.0,13.0
2141.2,651.1,51.8,0.00,0.00,sem_resposta,1689.9,13.0
2142.2,664.0,49.7,0.00,0.00,sem_resposta,1691.3,11.8
2143.2,648.4,64.2,0.00,0.00,sem_resposta,1690.7,18.6
2144.2,660.4,34.5,0.00,0.00,sem_resposta,1691.0,11.2
2145.2,655.8,27.5,0.00,0.00,sem_resposta,1694.7,10.8
2146.1,658.2,51.8,0.00,0.00,sem_resposta,1693.1,6.4
2147.1,652.7,36.2,0.00,0.00,sem_resposta,1689.9,14.7
2148.1,646.7,70.5,0.00,0.00,sem_resposta,1692.5,10.3
2149.1,659.5,25.7,0.00,0.00,sem_resposta,1691.8,13.8
2150.1,656.9,29.7,0.00,0.00,sem_resposta,1691.2,14.8
2151.0,657.1,21.3,0.00,0.00,sem_resposta,1689.3,12.9
2152.0,644.9,40.5,0.00,0.00,sem_resposta,1693.0,10.0
2153.0,648.6,51.4,0.00,0.00,sem_resposta,1689.9,10.8
2154.0,663.0,58.9,0.00,0.00,sem_resposta,1694.4,11.3
2155.6,658.5,32.7,0.00,0.00,sem_resposta,1692.0,12.1
2156.6,651.1,24.9,0.00,0.00,sem_resposta,1690.9,8.2
2157.6,658.9,26.7,0.00,0.00,sem_resposta,1695.4,13.5
2158.6,648.0,59.5,0.00,0.00,sem_resposta,1691.5,12.4
2159.6,646.7,48.4,0.00,0.00,sem_resposta,1689.6,10.2
2160.6,658.7,47.9,0.00,0.00,sem_resposta,1691.6,15.7
2161.6,658.8,73.9,0.00,0.00,sem_resposta,1691.3,11.5
2162.6,662.7,24.0,0.00,0.00,sem_resposta,1691.8,10.8
2163.5,661.5,48.0,0.00,0.00,sem_resposta,1692.2,13.4
2164.5,660.2,44.5,0.00,0.00,sem_resposta,1691.5,8.4
2165.5,653.1,30.6,0.00,0.00,sem_resposta,1691.6,8.1
2166.5,645.1,48.8,0.00,0.00,sem_resposta,1690.9,10.3
2167.5,656.3,25.3,0.00,0.00,sem_resposta,1693.0,16.8
2168.4,651.4,39.9,0.00,0.00,sem_resposta,1689.7,12.1
2169.4,650.8,32.1,0.00,0.00,sem_resposta,1691.1,15.6
2170.4,660.6,44.4,0.00,0.00,sem_resposta,1690.3,11.1
2171.4,659.8,39.3,0.00,0.00,sem_resposta,1690.6,10.3
2172.4,650.3,21.3,0.00,0.00,sem_resposta,1690.2,13.3
2173.3,650.5,44.5,0.00,0.00,sem_resposta,1691.2,12.9
2174.3,658.9,31.8,0.00,0.00,sem_resposta,1689.2,12.7
2175.3,658.6,49.6,0.00,0.00,sem_resposta,1691.4,12.9
2176.3,665.9,48.1,0.00,0.00,sem_resposta,1692.3,8.3
2177.2,656.1,32.7,0.00,0.00,sem_resposta,1689.8,15.7
2178.2,662.4,53.7,0.00,0.00,sem_resposta,1697.6,12.8
2179.2,665.0,71.0,0.00,0.00,sem_resposta,1691.7,16.7
2180.2,662.0,43.9,0.00,0.00,sem_resposta,1690.8,9.2
2181.1,649.0,46.1,0.00,0.00,sem_resposta,1692.5,8.9
2182.1,660.6,42.6,0.00,0.00,sem_resposta,1690.7,8.7
2183.1,666.7,49.1,0.00,0.00,sem_resposta,1693.7,12.8
2184.1,655.3,65.4,0.00,0.00,sem_resposta,1693.0,14.8
2185.1,666.5,47.3,0.00,0.00,sem_resposta,1692.4,10.9
2186.0,660.5,41.6,0.00,0.00,sem_resposta,1693.2,13.7
2187.0,657.3,40.2,0.00,0.00,sem_resposta,1689.6,12.6
2188.6,667.9,48.8,0.00,0.00,sem_resposta,1692.7,14.8
2189.6,659.1,62.7,0.00,0.00,sem_resposta,1693.2,8.8
2190.6,653.3,40.2,0.00,0.00,sem_resposta,1692.9,15.8
2191.6,658.0,43.9,0.00,0.00,sem_resposta,1691.2,13.5
2192.6,659.2,30.8,0.00,0.00,sem_resposta,1690.8,13.7
2193.6,657.9,36.8,0.00,0.00,sem_resposta,1686.8,12.8
2194.6,654.0,70.0,0.00,0.00,sem_resposta,1693.7,14.8
2195.6,658.0,49.0,0.00,0.00,sem_resposta,1689.9,13.1
2196.5,653.9,31.5,0.00,0.00,sem_resposta,1690.1,10.7
2197.5,658.4,38.0,0.00,0.00,sem_resposta,1692.6,9.4
2198.5,660.8,56.1,0.00,0.00,sem_resposta,1694.0,17.7
2199.5,656.7,61.0,0.00,0.00,sem_resposta,1694.0,9.8
2200.4,656.2,61.5,0.00,0.00,sem_resposta,1691.9,6.3
2201.4,658.5,31.2,0.00,0.00,sem_resposta,1691.8,14.6
2202.4,652.9,26.3,0.00,0.00,sem_resposta,1692.0,9.7
2203.4,656.0,35.7,0.00,0.00,sem_resposta,1691.4,12.8
2204.4,663.2,53.0,0.00,0.00,sem_resposta,1690.0,10.2
2205.3,656.5,43.0,0.00,0.00,sem_resposta,1693.1,8.2
2206.3,653.0,26.0,0.00,0.00,sem_resposta,1690.2,10.7
2207.3,649.4,40.8,0.00,0.00,sem_resposta,1693.5,16.2
2208.3,648.9,35.1,0.00,0.00,sem_resposta,1693.3,15.6
2209.2,642.6,65.9,0.00,0.00,sem_resposta,1690.5,10.9
2210.2,652.0,59.2,0.00,0.00,sem_resposta,1689.8,12.6
2211.2,661.2,40.8,0.00,0.00,sem_resposta,1692.5,8.9
2212.2,661.9,39.3,0.00,0.00,sem_resposta,1692.7,8.5
2213.1,656.3,31.3,0.00,0.00,sem_resposta,1691.9,9.2
2214.1,653.8,34.2,0.00,0.00,sem_resposta,1693.9,14.1
2215.1,655.9,41.9,0.00,0.00,sem_resposta,1692.3,14.1
2216.1,652.7,54.0,0.00,0.00,sem_resposta,1691.3,11.2
2217.1,650.9,39.5,0.00,0.00,sem_resposta,1691.0,12.0
2218.0,648.5,47.8,0.00,0.00,sem_resposta,1693.5,11.2
2219.0,668.1,64.8,0.00,0.00,sem_resposta,1692.8,6.1
2220.0,649.6,30.4,0.00,0.00,sem_resposta,1691.9,11.5
2221.6,658.9,25.1,0.00,0.00,sem_resposta,1694.3,17.6
2222.6,661.5,76.2,0.00,0.00,sem_resposta,1688.8,18.8
2223.6,648.7,35.8,0.00,0.00,sem_resposta,1691.8,10.1
2224.6,652.9,47.7,0.00,0.00,sem_resposta,1694.9,19.0
2225.6,648.2,47.6,0.00,0.00,sem_resposta,1689.7,10.0
2226.6,659.2,34.9,0.00,0.00,sem_resposta,1692.7,16.1
2227.6,652.4,43.2,0.00,0.00,sem_resposta,1689.4,18.4
2228.6,650.1,53.2,0.00,0.00,sem_resposta,1689.2,11.5
2229.5,660.0,43.2,0.00,0.00,sem_resposta,1694.0,13.0
2230.5,660.8,52.2,0.00,0.00,sem_resposta,1691.5,11.5
2231.5,662.3,33.8,0.00,0.00,sem_resposta,1692.6,9.5
2232.5,661.8,65.2,0.00,0.00,sem_resposta,1693.7,14.7
2233.4,656.3,46.2,0.00,0.00,sem_resposta,1692.8,9.7
2234.4,648.5,32.2,0.00,0.00,sem_resposta,1691.7,11.7
2235.4,649.0,30.4,0.00,0.00,sem_resposta,1690.6,14.7
2236.4,655.9,24.7,0.00,0.00,sem_resposta,1692.2,6.0
2237.3,655.0,34.7,0.00,0.00,sem_resposta,1690.3,16.7
2238.3,668.1,54.5,0.00,0.00,sem_resposta,1689.6,10.7
2239.3,644.7,53.8,0.00,0.00,sem_resposta,1688.8,14.9
2240.3,650.7,29.9,0.00,0.00,sem_resposta,1691.2,8.4
2241.2,658.5,47.2,0.00,0.00,sem_resposta,1692.4,13.1
2242.2,654.4,43.8,0.00,0.00,sem_resposta,1691.8,9.6
2243.2,641.7,66.6,0.00,0.00,sem_resposta,1691.3,10.8
2244.2,653.1,85.8,0.00,0.00,sem_resposta,1690.9,11.9
2245.1,661.2,58.1,0.00,0.00,sem_resposta,1690.2,16.5
2246.1,657.7,59.6,0.00,0.00,sem_resposta,1691.5,13.3
2247.1,650.4,29.7,0.00,0.00,sem_resposta,1691.4,10.9
2248.1,644.8,58.7,0.00,0.00,sem_resposta,1690.3,11.4
2249.1,655.4,29.5,0.00,0.00,sem_resposta,1692.8,15.6
2250.0,654.2,32.7,0.00,0.00,sem_resposta,1691.6,11.7
2251.0,656.3,40.9,0.00,0.00,sem_resposta,1692.8,6.8
2252.0,650.0,31.8,0.00,0.00,sem_resposta,1694.5,8.1
2253.0,651.8,41.6,0.00,0.00,sem_resposta,1688.1,14.1
2254.6,654.0,32.1,0.00,0.00,sem_resposta,1686.7,10.6
2255.6,648.8,39.9,0.00,0.00,sem_resposta,1690.1,13.1
2256.6,666.1,45.6,0.00,0.00,sem_resposta,1691.2,6.5
2257.6,643.2,72.1,0.00,0.00,sem_resposta,1691.3,9.5
2258.6,651.8,24.0,0.00,0.00,sem_resposta,1690.8,5.7
2259.6,651.4,52.6,0.00,0.00,sem_resposta,1694.7,14.7
2260.6,658.1,26.0,0.00,0.00,sem_resposta,1691.1,10.2
2261.6,663.1,36.4,0.00,0.00,sem_resposta,1692.2,12.6
2262.5,651.7,35.1,0.00,0.00,sem_resposta,1689.7,13.4
2263.5,653.8,51.3,0.00,0.00,sem_resposta,1691.5,11.6
2264.5,653.5,38.0,0.00,0.00,sem_resposta,1693.0,8.8
2265.5,650.9,38.6,0.00,0.00,sem_resposta,1689.8,9.8
2266.4,654.2,37.0,0.00,0.00,sem_resposta,1692.1,9.7
2267.4,651.0,33.7,0.00,0.00,sem_resposta,1693.2,8.8
2268.4,652.9,38.4,0.00,0.00,sem_resposta,1689.8,12.2
2269.4,658.2,32.8,0.00,0.00,sem_resposta,1686.7,16.0
2270.3,660.5,36.8,0.00,0.00,sem_resposta,1691.3,15.2
2271.3,647.9,35.8,0.00,0.00,sem_resposta,1693.4,17.3
2272.3,654.9,48.6,0.00,0.00,sem_resposta,1690.9,13.6
2273.3,653.6,37.7,0.00,0.00,sem_resposta,1693.7,15.9
2274.3,650.5,57.7,0.00,0.00,sem_resposta,1693.7,17.8
2275.2,650.4,44.2,0.00,0.00,sem_resposta,1692.8,15.5
2276.2,652.1,33.0,0.00,0.00,sem_resposta,1691.1,14.4
2277.2,658.1,66.0,0.00,0.00,sem_resposta,1692.4,19.3
2278.2,662.7,46.8,0.00,0.00,sem_resposta,1693.0,9.9
2279.2,660.4,49.2,0.00,0.00,sem_resposta,1695.4,12.7
2280.1,652.3,27.8,0.00,0.00,sem_resposta,1689.9,11.9
2281.1,650.0,50.1,0.00,0.00,sem_resposta,1692.1,18.8
2282.1,644.9,35.6,0.00,0.00,sem_resposta,1691.2,10.1
2283.1,669.9,86.2,0.00,0.00,sem_resposta,1688.9,15.7
2284.1,658.7,52.6,0.00,0.00,sem_resposta,1691.1,16.3
2285.0,653.8,31.5,0.00,0.00,sem_resposta,1691.7,11.7
2286.0,672.7,59.5,0.00,0.00,sem_resposta,1692.0,17.2
2287.6,652.5,34.4,0.00,0.00,sem_resposta,1694.6,11.4
2288.6,656.4,58.5,0.00,0.00,sem_resposta,1691.6,12.0
2289.6,650.2,48.8,0.00,0.00,sem_resposta,1691.0,10.7
2290.6,653.3,50.5,0.00,0.00,sem_resposta,1689.1,11.2
2291.6,661.2,55.7,0.00,0.00,sem_resposta,1694.4,14.1
2292.6,660.9,43.3,0.00,0.00,sem_resposta,1695.3,12.9
2293.6,641.6,55.8,0.00,0.00,sem_resposta,1692.3,12.3
2294.6,652.1,30.1,0.00,0.00,sem_resposta,1692.1,10.7
2295.5,650.1,41.7,0.00,0.00,sem_resposta,1691.1,8.6
2296.5,677.2,106.2,0.00,0.00,sem_resposta,1691.7,11.9
2297.5,650.6,52.0,0.00,0.00,sem_resposta,1690.5,12.9
2298.5,653.0,26.2,0.00,0.00,sem_resposta,1690.5,8.8
2299.4,663.4,38.8,0.00,0.00,sem_resposta,1689.9,14.9
2300.4,658.8,32.4,0.00,0.00,sem_resposta,1694.4,16.4
2301.4,655.5,55.7,0.00,0.00,sem_resposta,1689.8,23.1
2302.4,656.2,32.7,0.00,0.00,sem_resposta,1690.9,6.9
2303.3,647.8,38.6,0.00,0.00,sem_resposta,1689.1,15.3
2304.3,646.0,33.8,0.00,0.00,sem_resposta,1691.5,14.3
2305.3,651.6,30.9,0.00,0.00,sem_resposta,1691.3,12.2
2306.3,648.4,26.3,0.00,0.00,sem_resposta,1692.8,13.7
2307.3,650.0,43.9,0.00,0.00,sem_resposta,1691.6,9.5
2308.2,646.3,38.2,0.00,0.00,sem_resposta,1689.8,8.5
2309.2,650.4,37.0,0.00,0.00,sem_resposta,1687.4,18.0
2310.2,655.8,74.6,0.00,0.00,sem_resposta,1690.4,15.3
2311.2,652.7,25.9,0.00,0.00,sem_resposta,1691.3,7.7
2312.2,651.4,39.3,0.00,0.00,sem_resposta,1691.1,7.9
2313.1,644.2,61.6,0.00,0.00,sem_resposta,1692.0,9.5
2314.1,650.0,43.1,0.00,0.00,sem_resposta,1686.7,18.9
2315.1,651.0,40.7,0.00,0.00,sem_resposta,1690.9,11.7
2316.1,655.1,31.6,0.00,0.00,sem_resposta,1693.3,14.3
2317.1,637.0,85.4,0.00,0.00,sem_resposta,1695.1,21.5
2318.0,658.7,43.5,0.00,0.00,sem_resposta,1690.5,11.2
2319.6,646.1,51.4,0.00,0.00,sem_resposta,1687.2,14.7
2320.6,657.0,32.4,0.00,0.00,sem_resposta,1692.5,12.7
2321.6,643.5,41.2,0.00,0.00,sem_resposta,1689.7,20.3
2322.6,657.1,73.4,0.00,0.00,sem_resposta,1688.5,18.9
2323.6,642.5,38.0,0.00,0.00,sem_resposta,1691.7,9.6
2324.6,652.2,29.4,0.00,0.00,sem_resposta,1691.9,11.3
2325.6,652.9,38.3,0.00,0.00,sem_resposta,1690.1,10.1
2326.6,654.7,23.4,0.00,0.00,sem_resposta,1689.9,10.7
2327.6,657.2,44.2,0.00,0.00,sem_resposta,1693.6,10.8
2328.6,639.9,48.8,0.00,0.00,sem_resposta,1693.2,12.9
2329.5,641.1,56.5,0.00,0.00,sem_resposta,1692.2,12.9
2330.5,655.2,29.4,0.00,0.00,sem_resposta,1694.9,15.6
2331.5,648.0,38.4,0.00,0.00,sem_resposta,1689.2,13.8
2332.5,653.4,24.2,0.00,0.00,sem_resposta,1692.1,7.7
2333.4,649.7,36.7,0.00,0.00,sem_resposta,1692.3,12.3
2334.4,647.8,32.1,0.00,0.00,sem_resposta,1693.8,15.7
2335.4,645.3,59.1,0.00,0.00,sem_resposta,1690.0,13.6
2336.4,648.3,41.1,0.00,0.00,sem_resposta,1694.0,14.1
2337.3,647.8,49.8,0.00,0.00,sem_resposta,1688.7,12.7
2338.3,655.2,38.8,0.00,0.00,sem_resposta,1693.2,16.4
2339.3,653.2,39.9,0.00,0.00,sem_resposta,1693.6,11.0
2340.2,652.1,37.6,0.00,0.00,sem_resposta,1689.1,13.0
2341.2,650.9,57.8,0.00,0.00,sem_resposta,1694.4,12.0
2342.2,648.8,43.3,0.00,0.00,sem_resposta,1692.9,7.0
2343.1,667.0,67.2,0.00,0.00,sem_resposta,1689.7,15.5
2344.1,652.8,70.5,0.00,0.00,sem_resposta,1694.4,18.2
2345.1,654.4,29.3,0.00,0.00,sem_resposta,1689.4,14.3
2346.1,637.9,71.6,0.00,0.00,sem_resposta,1692.2,9.1
2347.1,651.0,27.7,0.00,0.00,sem_resposta,1693.5,14.8
2348.0,655.2,35.1,0.00,0.00,sem_resposta,1691.7,9.0
2349.0,647.5,26.3,0.00,0.00,sem_resposta,1690.5,14.0
2350.0,646.3,24.7,0.00,0.00,sem_resposta,1689.7,14.4
2351.0,648.8,34.4,0.00,0.00,sem_resposta,1691.0,9.0
2352.6,653.6,31.1,0.00,0.00,sem_resposta,1693.7,11.0
2353.7,641.4,45.0,0.00,0.00,sem_resposta,1689.4,16.6
2354.7,655.4,33.3,0.00,0.00,sem_resposta,1690.8,8.3
2355.7,664.8,63.8,0.00,0.00,sem_resposta,1692.2,13.2
2356.7,654.3,34.4,0.00,0.00,sem_resposta,1691.8,13.3
2357.6,667.2,49.0,0.00,0.00,sem_resposta,1690.7,13.6
2358.6,647.4,40.2,0.00,0.00,sem_resposta,1691.7,8.9
2359.6,663.2,65.3,0.00,0.00,sem_resposta,1693.0,10.9
2360.6,653.5,65.4,0.00,0.00,sem_resposta,1692.0,10.9
2361.5,654.6,29.4,0.00,0.00,sem_resposta,1690.7,10.8
2362.5,654.9,30.7,0.00,0.00,sem_resposta,1692.8,7.9
2363.5,645.0,45.9,0.00,0.00,sem_resposta,1690.4,10.2
2364.4,652.1,43.3,0.00,0.00,sem_resposta,1693.0,15.5
2365.4,664.2,45.6,0.00,0.00,sem_resposta,1693.1,12.4
2366.4,658.8,59.9,0.00,0.00,sem_resposta,1689.6,10.1
2367.3,652.8,31.0,0.00,0.00,sem_resposta,1692.0,10.5
2368.3,656.9,47.8,0.00,0.00,sem_resposta,1691.5,13.2
2369.3,655.1,28.7,0.00,0.00,sem_resposta,1692.0,8.6
2370.3,655.3,55.5,0.00,0.00,sem_resposta,1690.9,9.5
2371.3,653.4,24.5,0.00,0.00,sem_resposta,1691.1,10.3
2372.2,650.4,24.3,0.00,0.00,sem_resposta,1690.8,11.6
2373.2,652.0,73.2,0.00,0.00,sem_resposta,1691.3,8.5
2374.2,650.7,49.8,0.00,0.00,sem_resposta,1689.4,14.3
2375.2,654.5,47.5,0.00,0.00,sem_resposta,1694.0,10.0
2376.2,647.7,55.7,0.00,0.00,sem_resposta,1690.1,8.7
2377.1,656.4,62.3,0.00,0.00,sem_resposta,1692.1,13.6
2378.1,648.5,45.4,0.00,0.00,sem_resposta,1689.1,13.9
2379.1,656.3,59.9,0.00,0.00,sem_resposta,1691.1,9.1
2380.1,662.5,58.8,0.00,0.00,sem_resposta,1690.9,11.7
2381.1,653.4,27.9,0.00,0.00,sem_resposta,1691.5,9.1
2382.0,656.5,21.7,0.00,0.00,sem_resposta,1692.4,6.9
2383.0,655.0,39.6,0.00,0.00,sem_resposta,1691.8,8.0
2384.0,650.6,49.7,0.00,0.00,sem_resposta,1692.6,16.3
2385.6,655.5,37.2,0.00,0.00,sem_resposta,1693.4,17.0
2386.6,650.9,23.9,0.00,0.00,sem_resposta,1695.1,13.5
2387.7,650.1,43.5,0.00,0.00,sem_resposta,1690.1,12.3
2388.7,651.0,40.8,0.00,0.00,sem_resposta,1691.5,16.6
2389.6,652.6,41.7,0.00,0.00,sem_resposta,1690.8,17.0
2390.6,648.9,26.7,0.00,0.00,sem_resposta,1692.4,7.4
2391.6,659.4,26.7,0.00,0.00,sem_resposta,1690.0,17.1
2392.6,660.2,37.2,0.00,0.00,sem_resposta,1694.2,14.3
2393.6,675.2,58.7,0.00,0.00,sem_resposta,1690.5,13.0
2394.5,653.5,35.6,0.00,0.00,sem_resposta,1690.7,8.0
2395.5,657.8,47.5,0.00,0.00,sem_resposta,1693.1,15.3
2396.5,650.4,29.1,0.00,0.00,sem_resposta,1692.4,10.8
2397.4,646.2,62.5,0.00,0.00,sem_resposta,1693.9,12.9
2398.4,651.4,33.0,0.00,0.00,sem_resposta,1689.5,12.6
2399.4,645.2,31.6,0.00,0.00,sem_resposta,1690.5,15.4
2400.4,641.7,60.0,0.00,0.00,sem_resposta,1688.3,14.3
2401.3,650.7,56.8,0.00,0.00,sem_resposta,1695.3,13.7
2402.3,649.2,35.8,0.00,0.00,sem_resposta,1690.8,11.3
2403.3,640.3,46.7,0.00,0.00,sem_resposta,1692.2,10.8
2404.3,650.5,54.3,0.00,0.00,sem_resposta,1689.4,13.6
2405.2,652.5,60.0,0.00,0.00,sem_resposta,1689.1,18.7
2406.2,649.4,49.5,0.00,0.00,sem_resposta,1690.3,9.3
2407.2,646.9,55.9,0.00,0.00,sem_resposta,1691.9,13.7
2408.1,647.2,35.5,0.00,0.00,sem_resposta,1693.5,9.7
2409.1,649.7,58.2,0.00,0.00,sem_resposta,1692.2,11.0
2410.1,648.8,37.6,0.00,0.00,sem_resposta,1693.9,10.7
2411.1,645.9,40.7,0.00,0.00,sem_resposta,1691.3,16.2
2412.1,644.5,30.1,0.00,0.00,sem_resposta,1691.6,7.0
2413.0,651.3,30.2,0.00,0.00,sem_resposta,1692.0,11.3
2414.0,655.0,71.4,0.00,0.00,sem_resposta,1690.9,16.3
2415.0,642.2,29.2,0.00,0.00,sem_resposta,1691.3,9.3
2416.0,652.9,29.2,0.00,0.00,sem_resposta,1692.4,11.3
2417.0,652.2,25.4,0.00,0.00,sem_resposta,1694.0,16.5
2418.6,654.1,39.1,0.00,0.00,sem_resposta,1688.2,14.8
2419.7,652.1,50.3,0.00,0.00,sem_resposta,1692.2,18.9
2420.7,653.9,55.4,0.00,0.00,sem_resposta,1692.2,12.0
2421.7,656.7,60.5,0.00,0.00,sem_resposta,1689.8,7.9
2422.7,649.6,89.8,0.00,0.00,sem_resposta,1689.8,18.1
2423.6,656.2,35.1,0.00,0.00,sem_resposta,1692.3,7.3
2424.6,656.8,34.5,0.00,0.00,sem_resposta,1691.5,7.2
2425.6,654.8,29.6,0.00,0.00,sem_resposta,1693.3,7.1
2426.6,649.9,27.6,0.00,0.00,sem_resposta,1690.1,7.9
2427.5,657.9,32.7,0.00,0.00,sem_resposta,1691.8,8.1
2428.5,660.9,32.4,0.00,0.00,sem_resposta,1692.0,8.4
2429.5,653.8,31.9,0.00,0.00,sem_resposta,1690.6,6.7
2430.5,648.8,31.6,0.00,0.00,sem_resposta,1692.0,6.3
2431.4,650.9,31.3,0.00,0.00,sem_resposta,1691.6,6.2
2432.4,656.5,35.6,0.00,0.00,sem_resposta,1689.7,6.6
2433.4,649.5,33.1,0.00,0.00,sem_resposta,1693.4,7.9
2434.3,653.0,29.4,0.00,0.00,sem_resposta,1691.0,7.1
2435.3,657.0,32.1,0.00,0.00,sem_resposta,1691.0,8.2
2436.3,649.9,33.2,0.00,0.00,sem_resposta,1693.1,6.8
2437.2,650.6,33.9,0.00,0.00,sem_resposta,1689.9,7.7
2438.2,654.6,29.0,0.00,0.00,sem_resposta,1694.0,6.8
2439.2,654.3,31.3,0.00,0.00,sem_resposta,1690.2,7.9
2440.2,649.2,33.1,0.00,0.00,sem_resposta,1692.8,6.8
2441.1,650.0,32.5,0.00,0.00,sem_resposta,1691.1,8.2
2442.1,650.8,35.3,0.00,0.00,sem_resposta,1692.9,6.3
2443.1,656.5,35.4,0.00,0.00,sem_resposta,1692.7,5.7
2444.1,652.4,30.0,0.00,0.00,sem_resposta,1691.5,6.4
2445.1,655.2,32.9,0.00,0.00,sem_resposta,1689.7,7.8
2446.0,650.8,31.5,0.00,0.00,sem_resposta,1693.8,6.8
2447.0,649.8,31.2,0.00,0.00,sem_resposta,1692.9,8.0
2448.0,652.4,30.5,0.00,0.00,sem_resposta,1690.8,7.3
2449.0,650.5,33.1,0.00,0.00,sem_resposta,1692.7,6.9
2450.0,652.6,33.4,0.00,0.00,sem_resposta,1692.1,5.8
2451.7,645.1,30.8,0.00,0.00,sem_resposta,1692.5,7.5
2452.7,654.5,29.4,0.00,0.00,sem_resposta,1691.5,6.4
2453.7,652.9,31.9,0.00,0.00,sem_resposta,1692.3,8.2
2454.7,652.3,32.0,0.00,0.00,sem_resposta,1692.2,8.2
2455.7,661.1,32.0,0.00,0.00,sem_resposta,1691.9,7.7
2456.7,651.4,31.9,0.00,0.00,sem_resposta,1691.7,7.8
2457.6,652.9,30.3,0.00,0.00,sem_resposta,1690.0,7.9
2458.6,657.2,31.2,0.00,0.00,sem_resposta,1690.3,8.1
2459.6,650.4,25.7,0.00,0.00,sem_resposta,1691.2,8.1
2460.6,653.2,25.6,0.00,0.00,sem_resposta,1691.0,7.4
2461.5,652.7,25.0,0.00,0.00,sem_resposta,1690.6,6.3
2462.5,653.0,26.4,0.00,0.00,sem_resposta,1692.8,6.6
2463.5,647.3,24.4,0.00,0.00,sem_resposta,1691.0,7.0
2464.4,651.1,23.2,0.00,0.00,sem_resposta,1689.1,7.2
2465.4,654.0,27.7,0.00,0.00,sem_resposta,1691.1,6.7
2466.4,637.8,77.2,0.00,0.00,sem_resposta,1690.4,16.7
2467.3,654.4,25.6,0.00,0.00,sem_resposta,1691.4,7.9
2468.3,652.7,27.8,0.00,0.00,sem_resposta,1692.4,6.3
2469.3,647.0,21.1,0.00,0.00,sem_resposta,1692.0,6.4
2470.2,648.7,30.8,0.00,0.00,sem_resposta,1690.2,7.2
2471.2,655.6,25.2,0.00,0.00,sem_resposta,1692.0,6.8
2472.2,657.8,22.6,0.00,0.00,sem_resposta,1692.0,7.3
2473.1,651.2,24.3,0.00,0.00,sem_resposta,1691.7,6.3
2474.1,651.8,25.7,0.00,0.00,sem_resposta,1691.1,7.9
2475.1,647.7,26.8,0.00,0.00,sem_resposta,1692.3,6.7
2476.1,656.5,25.1,0.00,0.00,sem_resposta,1693.7,7.1
2477.0,657.7,24.2,0.00,0.00,sem_resposta,1690.8,7.5
2478.0,650.3,26.3,0.00,0.00,sem_resposta,1691.5,6.7
2479.0,649.9,27.8,0.00,0.00,sem_resposta,1691.2,8.2
2480.0,647.3,26.0,0.00,0.00,sem_resposta,1691.6,6.8
2481.0,649.5,24.4,0.00,0.00,sem_resposta,1691.9,6.1
2481.9,649.3,25.5,0.00,0.00,sem_resposta,1691.0,6.3
2482.9,651.4,27.2,0.00,0.00,sem_resposta,1692.3,8.9
2484.6,645.9,28.1,0.00,0.00,sem_resposta,1692.8,7.2
2485.6,656.2,28.4,0.00,0.00,sem_resposta,1690.0,6.8
2486.6,654.0,28.4,0.00,0.00,sem_resposta,1690.8,7.2
2487.6,650.0,28.1,0.00,0.00,sem_resposta,1693.8,6.2
2488.6,652.0,28.5,0.00,0.00,sem_resposta,1692.4,6.6
2489.6,652.1,25.6,0.00,0.00,sem_resposta,1691.5,7.3
2490.5,658.9,26.8,0.00,0.00,sem_resposta,1692.0,6.9
2491.5,658.7,28.9,0.00,0.00,sem_resposta,1691.7,7.6
2492.5,649.7,25.5,0.00,0.00,sem_resposta,1691.2,6.0
2493.5,657.0,27.8,0.00,0.00,sem_resposta,1690.2,7.3
2494.4,649.8,28.6,0.00,0.00,sem_resposta,1689.7,7.8
2495.4,649.5,27.2,0.00,0.00,sem_resposta,1692.3,8.5
2496.4,647.7,27.1,0.00,0.00,sem_resposta,1690.2,6.7
2497.4,653.8,26.8,0.00,0.00,sem_resposta,1690.0,6.9
2498.3,656.5,27.5,0.00,0.00,sem_resposta,1691.0,7.6
2499.3,657.4,27.7,0.00,0.00,sem_resposta,1692.7,6.5
2500.3,654.5,27.1,0.00,0.00,sem_resposta,1691.4,7.6
2501.2,656.5,32.2,0.00,0.00,sem_resposta,1692.5,7.6
2502.2,652.9,30.1,0.00,0.00,sem_resposta,1690.4,7.8
2503.2,655.3,37.3,0.00,0.00,sem_resposta,1692.3,6.7
2504.2,657.3,37.1,0.00,0.00,sem_resposta,1692.0,7.0
2505.1,655.5,32.4,0.00,0.00,sem_resposta,1691.9,7.5
2506.1,657.6,34.2,0.00,0.00,sem_resposta,1691.5,8.1
2507.1,660.3,35.9,0.00,0.00,sem_resposta,1693.3,7.8
2508.0,662.6,25.1,0.00,0.00,sem_resposta,1692.5,5.7
2509.0,652.8,31.7,0.00,0.00,sem_resposta,1690.9,6.9
2510.0,657.2,36.2,0.00,0.00,sem_resposta,1691.8,8.3
2511.0,651.1,31.6,0.00,0.00,sem_resposta,1691.9,7.8
2512.0,653.6,36.3,0.00,0.00,sem_resposta,1691.3,7.0
2513.0,660.2,34.1,0.00,0.00,sem_resposta,1691.3,8.0
2513.9,651.5,37.0,0.00,0.00,sem_resposta,1692.2,7.5
2514.9,657.2,32.7,0.00,0.00,sem_resposta,1691.9,8.1
2515.9,649.6,34.7,0.00,0.00,sem_resposta,1690.4,7.6
2517.6,649.9,34.4,0.00,0.00,sem_resposta,1691.5,8.8
2518.7,801.1,33.8,0.00,0.00,sem_resposta,1691.9,7.2
2519.7,663.9,31.7,0.00,0.00,sem_resposta,1691.5,6.8
2520.7,657.0,34.9,0.00,0.00,sem_resposta,1692.5,8.8
2521.7,655.1,30.9,0.00,0.00,sem_resposta,1691.3,7.1
2522.7,662.6,34.6,0.00,0.00,sem_resposta,1692.2,7.7
2523.6,650.2,32.3,0.00,0.00,sem_resposta,1690.4,7.5
2524.6,656.5,31.3,0.00,0.00,sem_resposta,1692.2,8.1
2525.6,653.7,28.3,0.00,0.00,sem_resposta,1691.1,7.5
2526.6,654.2,31.5,0.00,0.00,sem_resposta,1692.2,6.9
2527.5,656.9,31.0,0.00,0.00,sem_resposta,1691.6,7.6
2528.5,648.7,32.3,0.00,0.00,sem_resposta,1691.2,7.7
2529.5,653.2,29.4,0.00,0.00,sem_resposta,1690.7,7.6
2530.5,658.1,35.2,0.00,0.00,sem_resposta,1690.9,7.7
2531.4,655.2,28.5,0.00,0.00,sem_resposta,1691.3,8.6
2532.4,653.7,33.0,0.00,0.00,sem_resposta,1691.5,8.6
2533.4,656.6,36.9,0.00,0.00,sem_resposta,1691.2,6.9
2534.3,656.0,37.6,0.00,0.00,sem_resposta,1692.4,7.4
2535.3,647.2,37.9,0.00,0.00,sem_resposta,1691.9,8.1
2536.3,649.5,32.2,0.00,0.00,sem_resposta,1692.7,8.7
2537.2,648.8,30.9,0.00,0.00,sem_resposta,1690.1,7.8
2538.2,661.5,32.3,0.00,0.00,sem_resposta,1691.4,7.3
2539.1,662.7,25.3,0.00,0.00,sem_resposta,1690.8,6.1
2540.1,659.5,31.8,0.00,0.00,sem_resposta,1692.4,7.1
2541.1,656.5,26.4,0.00,0.00,sem_resposta,1691.2,8.6
2542.1,653.6,26.8,0.00,0.00,sem_resposta,1692.3,6.4
2543.1,653.9,25.7,0.00,0.00,sem_resposta,1691.4,7.5
2544.0,651.6,30.4,0.00,0.00,sem_resposta,1691.9,7.5
2545.0,648.4,26.4,0.00,0.00,sem_resposta,1692.9,7.9
2546.0,656.0,27.0,0.00,0.00,sem_resposta,1691.1,8.5
2547.0,652.0,29.5,0.00,0.00,sem_resposta,1692.0,7.6
2548.0,654.9,27.5,0.00,0.00,sem_resposta,1690.2,9.1
2549.0,652.0,23.1,0.00,0.00,sem_resposta,1691.7,7.2
2550.6,646.5,27.8,0.00,0.00,sem_resposta,1693.2,7.3
2551.6,659.5,32.3,0.00,0.00,sem_resposta,1692.2,7.4
2552.6,660.7,31.8,0.00,0.00,sem_resposta,1691.0,7.0
2553.6,655.6,30.5,0.00,0.00,sem_resposta,1692.1,7.7
2554.6,654.3,25.4,0.00,0.00,sem_resposta,1691.8,6.6
2555.6,657.1,28.2,0.00,0.00,sem_resposta,1691.1,7.2
2556.6,653.9,26.4,0.00,0.00,sem_resposta,1691.8,7.3
2557.6,652.9,30.6,0.00,0.00,sem_resposta,1692.5,7.9
2558.6,653.6,30.5,0.00,0.00,sem_resposta,1693.3,8.1
2559.5,659.6,28.8,0.00,0.00,sem_resposta,1690.4,6.6
2560.5,650.3,31.8,0.00,0.00,sem_resposta,1692.5,8.3
2561.5,656.2,25.5,0.00,0.00,sem_resposta,1693.8,7.3
2562.5,656.0,32.9,0.00,0.00,sem_resposta,1691.0,7.5
2563.4,659.8,28.1,0.00,0.00,sem_resposta,1691.3,7.1
2564.4,651.1,32.3,0.00,0.00,sem_resposta,1691.0,7.4
2565.4,661.2,25.7,0.00,0.00,sem_resposta,1690.5,7.8
2566.3,658.3,27.4,0.00,0.00,sem_resposta,1692.2,7.5
2567.3,652.9,31.3,0.00,0.00,sem_resposta,1692.3,8.3
2568.3,659.1,28.3,0.00,0.00,sem_resposta,1691.5,7.9
2569.2,659.0,26.3,0.00,0.00,sem_resposta,1691.4,6.9
2570.2,650.5,25.3,0.00,0.00,sem_resposta,1691.0,7.8
2571.2,654.7,30.3,0.00,0.00,sem_resposta,1692.0,7.2
2572.1,654.8,23.9,0.00,0.00,sem_resposta,1692.1,5.9
2573.1,656.5,29.9,0.00,0.00,sem_resposta,1691.8,7.8
2574.1,660.6,26.5,0.00,0.00,sem_resposta,1692.2,7.6
2575.1,653.4,24.9,0.00,0.00,sem_resposta,1690.4,6.6
2576.1,656.2,25.0,0.00,0.00,sem_resposta,1690.0,7.5
2577.0,654.2,24.6,0.00,0.00,sem_resposta,1691.5,6.7
2578.0,655.2,24.0,0.00,0.00,sem_resposta,1689.9,8.4
2579.0,653.7,20.8,0.00,0.00,sem_resposta,1690.4,7.5
2580.0,655.1,18.7,0.00,0.00,sem_resposta,1690.7,7.6
2581.0,652.7,19.5,0.00,0.00,sem_resposta,1691.3,7.3
2582.0,651.7,20.1,0.00,0.00,sem_resposta,1690.1,9.0
2583.7,656.1,23.8,0.00,0.00,sem_resposta,1689.9,8.2
2584.7,654.7,20.4,0.00,0.00,sem_resposta,1692.6,7.7
2585.7,659.6,20.4,0.00,0.00,sem_resposta,1692.7,6.9
2586.7,652.8,22.2,0.00,0.00,sem_resposta,1691.6,6.0
2587.6,656.8,27.3,0.00,0.00,sem_resposta,1691.9,6.3
2588.6,653.7,24.2,0.00,0.00,sem_resposta,1691.8,5.9
2589.6,657.2,28.4,0.00,0.00,sem_resposta,1691.8,7.8
2590.6,655.6,31.7,0.00,0.00,sem_resposta,1691.6,6.8
2591.5,647.9,32.8,0.00,0.00,sem_resposta,1690.5,7.0
2592.5,657.3,32.0,0.00,0.00,sem_resposta,1690.2,7.4
2593.5,646.1,32.3,0.00,0.00,sem_resposta,1690.9,7.8
2594.5,658.9,31.7,0.00,0.00,sem_resposta,1690.8,8.0
2595.4,657.1,32.0,0.00,0.00,sem_resposta,1691.7,7.3
2596.4,651.3,31.8,0.00,0.00,sem_resposta,1692.5,7.2
2597.4,657.9,32.7,0.00,0.00,sem_resposta,1692.0,7.2
2598.3,652.2,32.6,0.00,0.00,sem_resposta,1692.1,7.2
2599.3,657.3,33.0,0.00,0.00,sem_resposta,1691.2,7.0
2600.3,653.7,29.8,0.00,0.00,sem_resposta,1691.7,7.4
2601.2,653.7,31.4,0.00,0.00,sem_resposta,1691.7,6.7
2602.2,652.5,30.1,0.00,0.00,sem_resposta,1690.9,6.6
2603.2,651.7,29.5,0.00,0.00,sem_resposta,1692.4,8.5
2604.1,647.2,30.0,0.00,0.00,sem_resposta,1692.6,7.8
2605.1,652.2,32.5,0.00,0.00,sem_resposta,1692.0,7.3
2606.1,652.4,31.4,0.00,0.00,sem_resposta,1691.0,8.1
2607.1,653.0,31.2,0.00,0.00,sem_resposta,1692.3,7.5
2608.1,662.7,31.7,0.00,0.00,sem_resposta,1691.7,9.5
2609.1,654.1,32.7,0.00,0.00,sem_resposta,1691.6,8.9
2610.0,658.3,37.9,0.00,0.00,sem_resposta,1689.5,8.2
2611.0,650.8,32.4,0.00,0.00,sem_resposta,1690.8,7.6
2612.0,512.9,23.6,0.00,0.00,sem_resposta,535.2,6.6
2613.0,288.2,27.5,0.00,0.00,sem_resposta,454.7,6.9
2614.0,204.1,15.4,0.00,0.00,sem_resposta,450.4,7.0
2615.0,183.5,18.5,0.00,0.00,sem_resposta,450.4,6.3
2616.6,177.0,21.7,0.00,0.00,sem_resposta,449.2,7.2
2617.6,174.1,26.6,0.00,0.00,sem_resposta,448.3,6.7
2618.6,178.1,25.8,0.00,0.00,sem_resposta,451.6,6.4
2619.6,175.9,27.5,0.00,0.00,sem_resposta,448.1,7.0
2620.6,175.1,28.4,0.00,0.00,sem_resposta,448.3,6.8
2621.6,188.0,29.5,0.00,0.00,sem_resposta,450.8,8.0
2622.6,188.8,27.2,0.00,0.00,sem_resposta,451.2,8.0
2623.5,188.6,29.1,0.00,0.00,sem_resposta,448.0,7.5
2624.5,172.9,26.4,0.00,0.00,sem_resposta,447.8,6.0
2625.5,172.3,24.3,0.00,0.00,sem_resposta,447.2,5.3
2626.4,169.3,25.1,0.00,0.00,sem_resposta,447.0,6.6
2627.4,172.0,22.1,0.00,0.00,sem_resposta,448.3,5.2
2628.4,176.8,21.7,0.00,0.00,sem_resposta,448.4,7.0
2629.4,174.7,19.8,0.00,0.00,sem_resposta,447.5,6.7
2630.3,165.6,23.1,0.00,0.00,sem_resposta,447.9,5.3
2631.3,176.0,22.9,0.00,0.00,sem_resposta,446.0,5.9
2632.3,171.0,21.8,0.00,0.00,sem_resposta,447.1,5.9
2633.2,175.6,25.7,0.00,0.00,sem_resposta,447.2,5.6
2634.2,172.2,22.5,0.00,0.00,sem_resposta,448.1,6.0
2635.2,169.3,21.3,0.00,0.00,sem_resposta,449.1,5.4
2636.2,175.5,23.8,0.00,0.00,sem_resposta,449.0,5.3
2637.1,167.4,20.4,0.00,0.00,sem_resposta,448.5,4.7
2638.1,171.2,23.6,0.00,0.00,sem_resposta,429.8,11.6
2639.1,200.7,22.2,0.00,0.00,sem_resposta,459.3,7.4
2640.1,401.5,21.7,0.00,0.00,sem_resposta,625.2,6.4
2641.1,403.1,26.8,0.00,0.00,sem_resposta,626.1,6.2
2642.1,406.2,26.7,0.00,0.00,sem_resposta,627.5,7.2
2643.1,407.7,28.9,0.00,0.00,sem_resposta,625.7,6.9
2644.1,407.7,29.6,0.00,0.00,sem_resposta,627.2,7.5
2645.0,406.2,23.2,0.00,0.00,sem_resposta,624.4,6.3
2646.0,405.4,29.6,0.00,0.00,sem_resposta,627.9,7.5
2647.0,403.1,28.5,0.00,0.00,sem_resposta,626.0,5.8
2648.0,409.1,17.7,0.00,0.00,sem_resposta,626.5,5.0
2649.7,406.5,19.9,0.00,0.00,sem_resposta,625.7,5.1
2650.7,409.2,15.9,0.00,0.00,sem_resposta,626.1,5.0
2651.7,408.0,16.2,0.00,0.00,sem_resposta,626.5,4.9
2652.7,404.4,24.0,0.00,0.00,sem_resposta,627.3,6.1
2653.6,407.3,23.1,0.00,0.00,sem_resposta,627.3,5.0
2654.6,409.1,19.1,0.00,0.00,sem_resposta,626.5,4.9
2655.6,408.3,20.1,0.00,0.00,sem_resposta,627.3,4.9
2656.6,407.1,22.3,0.00,0.00,sem_resposta,627.1,5.8
2657.5,410.1,18.8,0.00,0.00,sem_resposta,626.7,5.3
2658.5,411.3,21.1,0.00,0.00,sem_resposta,627.9,4.8
2659.5,411.3,21.5,0.00,0.00,sem_resposta,627.2,6.3
2660.4,407.1,22.5,0.00,0.00,sem_resposta,626.6,6.3
2661.4,405.1,21.6,0.00,0.00,sem_resposta,626.6,4.8
2662.4,405.7,23.5,0.00,0.00,sem_resposta,628.5,5.9
2663.4,411.7,20.2,0.00,0.00,sem_resposta,627.0,4.8
2664.3,410.7,21.4,0.00,0.00,sem_resposta,626.9,5.6
2665.3,404.4,20.0,0.00,0.00,sem_resposta,626.6,5.0
2666.3,403.9,20.2,0.00,0.00,sem_resposta,627.1,7.2
2667.3,408.3,22.0,0.00,0.00,sem_resposta,628.0,6.1
2668.3,409.9,21.7,0.00,0.00,sem_resposta,626.2,5.5
2669.2,406.9,19.2,0.00,0.00,sem_resposta,627.5,5.9
2670.2,403.9,26.4,0.00,0.00,sem_resposta,626.7,5.6
2671.2,412.5,23.3,0.00,0.00,sem_resposta,626.4,5.2
2672.2,412.1,22.3,0.00,0.00,sem_resposta,626.1,6.4
2673.2,409.5,19.5,0.00,0.00,sem_resposta,626.3,5.1
2674.1,408.1,21.4,0.00,0.00,sem_resposta,626.4,6.2
2675.1,413.4,23.2,0.00,0.00,sem_resposta,627.8,5.0
2676.1,410.0,23.5,0.00,0.00,sem_resposta,627.8,5.7
2677.1,406.3,23.8,0.00,0.00,sem_resposta,627.3,5.5
2678.1,410.9,19.9,0.00,0.00,sem_resposta,626.6,5.7
2679.1,405.7,25.7,0.00,0.00,sem_resposta,626.8,6.1
2680.1,409.2,18.8,0.00,0.00,sem_resposta,625.9,5.7
2681.1,401.6,22.0,0.00,0.00,sem_resposta,628.2,6.2
2682.7,405.1,21.2,0.00,0.00,sem_resposta,629.0,5.2
2683.7,408.4,19.2,0.00,0.00,sem_resposta,627.7,5.1
2684.7,407.1,21.1,0.00,0.00,sem_resposta,627.5,5.7
2685.7,408.2,21.9,0.00,0.00,sem_resposta,626.9,5.1
2686.7,403.2,24.4,0.00,0.00,sem_resposta,626.4,5.4
2687.7,406.1,17.5,0.00,0.00,sem_resposta,626.7,4.8
2688.6,406.2,23.4,0.00,0.00,sem_resposta,627.0,5.7
2689.6,405.8,22.6,0.00,0.00,sem_resposta,627.7,6.9
2690.6,408.9,22.1,0.00,0.00,sem_resposta,628.3,5.5
2691.5,405.9,20.4,0.00,0.00,sem_resposta,626.9,5.3
2692.5,408.6,18.9,0.00,0.00,sem_resposta,627.0,5.2
2693.5,405.9,19.4,0.00,0.00,sem_resposta,628.0,5.8
2694.4,411.6,23.7,0.00,0.00,sem_resposta,628.1,6.1
2695.4,407.4,20.9,0.00,0.00,sem_resposta,627.5,4.5
2696.4,408.5,19.9,0.00,0.00,sem_resposta,627.5,4.9
2697.3,411.4,20.2,0.00,0.00,sem_resposta,626.7,5.2
2698.3,403.2,24.1,0.00,0.00,sem_resposta,627.7,6.2
2699.3,403.6,19.0,0.00,0.00,sem_resposta,628.2,5.8
2700.3,403.8,21.1,0.00,0.00,sem_resposta,625.9,5.9
2701.2,405.0,16.8,0.00,0.00,sem_resposta,627.8,5.5
2702.2,414.4,20.8,0.00,0.00,sem_resposta,628.4,6.2
2703.2,406.6,24.5,0.00,0.00,sem_resposta,627.9,5.4
2704.1,410.9,20.5,0.00,0.00,sem_resposta,627.2,5.2
2705.1,405.6,20.5,0.00,0.00,sem_resposta,627.0,6.8
2706.1,409.1,15.5,0.00,0.00,sem_resposta,626.2,6.0
2707.1,409.2,21.8,0.00,0.00,sem_resposta,627.8,5.3
2708.1,409.6,22.2,0.00,0.00,sem_resposta,625.5,5.3
2709.1,402.9,20.0,0.00,0.00,sem_resposta,627.9,5.3
2710.1,406.8,23.0,0.00,0.00,sem_resposta,628.2,4.8
2711.0,407.0,26.1,0.00,0.00,sem_resposta,628.0,5.5
2712.0,410.2,20.5,0.00,0.00,sem_resposta,627.6,5.0
2713.0,409.0,19.0,0.00,0.00,sem_resposta,626.1,5.2
2714.7,409.0,19.4,0.00,0.00,sem_resposta,628.1,6.1
2715.7,411.1,27.5,0.00,0.00,sem_resposta,629.1,5.5
2716.7,407.6,20.5,0.00,0.00,sem_resposta,628.1,4.7
2717.7,409.9,24.2,0.00,0.00,sem_resposta,627.9,5.6
2718.7,406.6,17.6,0.00,0.00,sem_resposta,628.0,5.3
2719.7,406.9,19.0,0.00,0.00,sem_resposta,626.5,5.7
2720.6,405.1,18.4,0.00,0.00,sem_resposta,628.0,4.6
2721.6,409.5,18.5,0.00,0.00,sem_resposta,629.1,6.0
2722.6,403.6,20.6,0.00,0.00,sem_resposta,627.0,4.5
2723.5,405.6,25.4,0.00,0.00,sem_resposta,627.8,5.1
2724.5,405.4,21.5,0.00,0.00,sem_resposta,628.0,4.9
2725.5,405.0,19.5,0.00,0.00,sem_resposta,628.2,5.6
2726.4,404.0,23.2,0.00,0.00,sem_resposta,626.7,5.2
2727.4,408.0,20.2,0.00,0.00,sem_resposta,627.7,5.5
2728.4,406.0,18.5,0.00,0.00,sem_resposta,628.2,5.5
2729.3,412.5,19.2,0.00,0.00,sem_resposta,627.5,5.5
2730.3,405.0,24.6,0.00,0.00,sem_resposta,628.0,6.5
2731.3,408.8,19.3,0.00,0.00,sem_resposta,628.4,5.5
2732.3,412.3,20.7,0.00,0.00,sem_resposta,628.9,5.8
2733.2,407.3,22.3,0.00,0.00,sem_resposta,627.8,5.2
2734.2,404.5,24.9,0.00,0.00,sem_resposta,627.5,5.7
2735.2,408.8,20.9,0.00,0.00,sem_resposta,628.9,4.8
2736.2,406.9,24.9,0.00,0.00,sem_resposta,627.9,4.7
2737.1,403.2,20.6,0.00,0.00,sem_resposta,627.8,5.8
2738.1,405.0,18.2,0.00,0.00,sem_resposta,629.4,5.0
2739.1,408.1,20.0,0.00,0.00,sem_resposta,627.5,5.8
2740.1,406.0,24.3,0.00,0.00,sem_resposta,628.2,5.1
2741.1,411.9,23.9,0.00,0.00,sem_resposta,627.9,5.1
2742.1,405.8,19.4,0.00,0.00,sem_resposta,627.8,5.8
2743.0,405.7,20.2,0.00,0.00,sem_resposta,627.2,4.8
2744.0,409.4,22.2,0.00,0.00,sem_resposta,627.9,6.1
